PlayerCode,Player,PlayerImageUrl
012113,"LONATI, ACHILLE",https://media-cdn.cortextech.io/8ebd4698-05e6-4bc2-b5e8-a42069c7c4c7.png
012199,"DURU, DECLAN",https://media-cdn.cortextech.io/714c76f4-521c-43b3-bd44-fdd0893a03b4.png
012181,"JUZENAS, MANTAS",https://media-cdn.incrowdsports.com/30f7e904-2686-48c7-86e5-129321a39fe1.png
003210,"LEKAVICIUS, LUKAS",https://media-cdn.incrowdsports.com/e03b2138-ce9d-477b-9745-555d0ff9adb0.png
LHK,"PLEISS, TIBOR",https://media-cdn.incrowdsports.com/34479264-00b5-47ff-bcea-6f3aed97303e.png
012099,"GROSBER, DORIAN",https://media-cdn.incrowdsports.com/9571b012-3fc7-4dee-993f-b3547f43178e.png
013514,"MENSAH, NATHAN",https://media-cdn.cortextech.io/11a6db2e-4364-4e6f-82c8-8e1137f184a5.png
010788,"QUEREJETA, JOSEBA",https://media-cdn.cortextech.io/30e4f2ae-6d1d-480a-b72c-862f97987d05.png
012317,"VILLAR, RAUL",https://media-cdn.cortextech.io/e08403e2-5c53-42d1-be20-6564751c97fc.png
011330,"BUIKA, DOVYDAS",https://media-cdn.cortextech.io/e413bde7-9f75-445c-b386-6757884bb936.png
008174,"EKSIOGLU, MERT",https://media-cdn.incrowdsports.com/eefed70c-97fd-4745-87ef-0d37550e4055.png
007855,"KABA, ALPHA",https://media-cdn.incrowdsports.com/29235d63-5b89-4a19-8b4f-3d1a40924099.png
012100,"NUFER, ANTON",https://media-cdn.incrowdsports.com/ac4ab376-3a8f-43af-9f37-2c0fa46e7b21.png
010784,"SAVKOV, PAVEL",https://media-cdn.incrowdsports.com/417c6fad-5684-44f9-8008-0a7d7bccab80.png
011925,"WALLACE, TYRONE",https://media-cdn.incrowdsports.com/eee4bcba-33d2-4998-aa9d-a98604471a6f.png
012168,"GUEYE, SIDI",https://media-cdn.cortextech.io/976ca7a5-75f2-47aa-96f6-98ecec36dfc4.png
013666,"SMITH JR, DENNIS",https://media-cdn.incrowdsports.com/cc3be000-0410-4f9c-a829-e6c8de13f78f.png
012103,"GRUJICIC, MATHIEU",https://media-cdn.cortextech.io/f5ee46e0-9bec-408f-b6c6-f2dd3e05fa3f.png
006273,"VISCONTI, RICCARDO",https://media-cdn.incrowdsports.com/2a1a6e79-c45c-416a-85a5-11b5c3f0273e.png
011965,"MITROU LONG, NAZ",https://media-cdn.incrowdsports.com/db7b9585-5da8-4fd0-a3bc-078892f897f7.png
006544,"MORAITIS, DIMITRIS",https://media-cdn.incrowdsports.com/c8dc373e-4fcc-43d5-8e9a-baadc59a7c4e.png
010400,"ONCEL, RIDVAN",https://media-cdn.incrowdsports.com/3df24fa2-a81c-4995-b1a6-5e9499815353.png
012126,"VOLF, IVAN",https://media-cdn.incrowdsports.com/59bf6550-c478-45ff-ab7d-4cc6dfb1eb32.png
011626,"DOERRIES, AMON",https://media-cdn.incrowdsports.com/f46a0e29-56be-4318-990b-6f1165efafcd.png
013377,"PAUL, MBIYA",https://media-cdn.incrowdsports.com/754614fe-0fdc-46f2-80d1-93f0d24615e2.png
007483,"DOSSOU-YOVO, MATHIS",
012263,"SISSOKO, YOHANN",https://media-cdn.incrowdsports.com/cb004c85-f67e-4c79-af91-949e4e6e0c6d.png
013505,"NETO, RAUL",https://media-cdn.incrowdsports.com/0d03d7e3-85f8-4760-815f-553ed6c548bf.png
006640,"OZDEMIROGLU, DOGUS",https://media-cdn.cortextech.io/5f00f0a8-1923-4c3f-906a-d86332a23c05.png
LUO,"LAZIC, BRANKO",https://media-cdn.incrowdsports.com/6dcc04d5-821e-4113-a665-029a43d76425.png
007025,"MATTISSECK, JONAS",https://media-cdn.incrowdsports.com/f233c467-32fb-41af-807b-07660af5fa2c.png
005763,"KORKMAZ, FURKAN",https://media-cdn.cortextech.io/1dU3kpCqReRp93/1BSdBWIjCjnONy/f7929b1a-55b7-4f21-b311-028de2616dfb.png
011433,"MAYER, OMER",https://media-cdn.incrowdsports.com/181e663b-bd1e-48d3-a967-c101f800bffb.png
006701,"BORTOLANI, GIORDANO",https://media-cdn.incrowdsports.com/8a490b5f-fd33-4e92-9d60-bb4a70579a68.png
013372,"SCHOFIELD, ADMIRAL",https://media-cdn.incrowdsports.com/f96fdd98-1870-49ab-9e2e-3c0db7a4f749.png
013364,"JOHNSON, STANLEY",https://media-cdn.incrowdsports.com/e59db620-78fb-4e0b-abb6-6c8c5c603a97.png
008850,"RAIESTE, SANDER",https://media-cdn.incrowdsports.com/32b9b901-2c92-4fcd-98b5-a3317eb8a89d.png
KIR,"KAHUDI, CHARLES",https://media-cdn.incrowdsports.com/09c42084-be1d-4b65-b880-9544effea93a.png
013695,"HOLIDAY, JUSTIN",https://media-cdn.incrowdsports.com/11d75280-fb54-44c6-b089-de343dd1df20.png
012123,"KHARCHENKOV, IVAN",https://media-cdn.incrowdsports.com/3eb9cca0-1820-4e97-9745-16e629bb9a89.png
013696,"BANGO, JILSON",https://media-cdn.incrowdsports.com/a1c2af65-727f-417b-afa4-2719a0ad9d83.png
004058,"JARAMAZ, OGNJEN",https://media-cdn.cortextech.io/92f6b02c-6f87-4808-993c-b47997a1d66b.png
LMG,"MARJANOVIC, BOBAN",https://media-cdn.incrowdsports.com/f12e7ba3-2f66-4b8b-b62c-ea3e6ad45051.png
011666,"SARR, DAME",https://media-cdn.incrowdsports.com/88318192-983d-4efd-9396-8a893e66a95f.png
013250,"DEJULIUS, DAVID",https://media-cdn.cortextech.io/1dU3kpCqReRp93/1BSdBWIjCjnONy/02472971-b450-4da6-9657-b0453b5bc041.png
009818,"BENTIL, BENJAMIN",https://media-cdn.incrowdsports.com/c6dfea8c-0154-4bd7-8488-cdb777d90d31.png
013368,"YEBO, KEVIN",https://media-cdn.cortextech.io/ee769dbe-dd9f-46e3-a2e1-11d2c6e4d339.png
011649,"GONZALEZ, HUGO",https://media-cdn.incrowdsports.com/0ab7dbc1-b9a7-4360-b004-2f3c68012071.png
004233,"MENCO, RAFI",https://media-cdn.incrowdsports.com/242f0b43-a946-4eed-ae40-e8b82c297c1e.png
013774,"BAKER II , ROBERT",https://media-cdn.incrowdsports.com/21054ff9-d04a-4641-9591-0668df9e5819.png
012058,"NDIAYE, OUSMANE",https://media-cdn.incrowdsports.com/6f08779e-b52e-4806-8732-95ff9675a3c0.png
013775,"WONG, ISAIAH",https://media-cdn.incrowdsports.com/214b95cd-7fd0-4a12-a2d3-5f22c40d80d5.png
013396,"MAYS, SKYLAR",https://media-cdn.cortextech.io/b6df7341-1614-4f54-a5dd-ec93968a05ad.png
012715,"MANEK, BRADY",https://media-cdn.incrowdsports.com/a71d0828-d073-452d-802b-7a82e66b4f1e.png
005738,"GRAZULIS, ANDREJS",https://media-cdn.incrowdsports.com/559a7eae-7b31-451a-b400-dbe061e5bc19.png
010791,"KOUMADJE, KHALIFA",https://media-cdn.incrowdsports.com/6c449e73-6d7f-446a-963f-8fa230763dc5.png
006721,"CARUSO, GUGLIELMO",https://media-cdn.incrowdsports.com/29cec6e2-585d-42db-99e3-da503d3ada8e.png
005145,"COHEN, JAKE",https://media-cdn.incrowdsports.com/e8d3f0dc-cce9-4329-9d5b-03c76519199d.png
005161,"PAPAPETROU, IOANNIS",https://media-cdn.incrowdsports.com/34435fbb-b543-4cdd-84f6-62cf44448c88.png
004790,"CORNELIE, PETR",https://media-cdn.incrowdsports.com/1330e8d5-1022-47e2-8b03-86a512d8f561.png
007550,"SAMAR, ZIGA",https://media-cdn.incrowdsports.com/e6d862e6-ff89-40d8-905b-915cca7d369c.png
011050,"KOPRIVICA, BALSA",https://media-cdn.cortextech.io/c6a7ff2f-a4da-4ac0-9a7c-3236f143336a.png
012591,"TUCKER, RAYJON",https://media-cdn.incrowdsports.com/8dcf5706-93ef-4be4-a5c2-6c1d8c6bbbe3.png
011941,"GILLESPIE, FREDDIE",https://media-cdn.incrowdsports.com/8ea99782-0bb1-42b5-b330-d9b629c19654.png
011631,"RAPIEQUE, ELIAS",https://media-cdn.incrowdsports.com/2adc2962-bb44-4461-8365-63e58f2861dc.png
BCN,"BELINELLI, MARCO",https://media-cdn.incrowdsports.com/95f413de-ce11-4fe1-916a-3984551ceba7.png
JDR,"TEODOSIC, MILOS",https://media-cdn.incrowdsports.com/ce7511eb-75b9-4f03-9836-56f4a52e971d.png
012622,"MITCHELL, MATTHEW",https://media-cdn.cortextech.io/e4dcdc8b-c59a-426e-8605-116d19203045.png
011202,"SHAYOK, MARIAL",https://media-cdn.incrowdsports.com/db6a9efd-d952-4520-b941-c99adf08eec9.png
008991,"BLACK, TARIK",https://media-cdn.incrowdsports.com/31431122-8f94-41c1-ae56-2c34657c17c3.png
012786,"DAUM, MIKE",https://media-cdn.incrowdsports.com/f36d103b-9f85-4eac-a624-e8f2a7330a18.png
010588,"BROWN III, JOHN",https://media-cdn.incrowdsports.com/39deb3d3-4f63-4841-bc63-594dc5139b92.png
013365,"BROWN, VITTO",https://media-cdn.cortextech.io/6de3c594-00fd-4ad5-aa95-505a5c2b11ca.png
009213,"NDIAYE, ELI",https://media-cdn.incrowdsports.com/2ce6d0d0-375c-468c-8af4-40b1dfdcad00.png
006919,"OLINDE, LOUIS",https://media-cdn.cortextech.io/c453742e-1388-429c-aeaa-dc36c2f07c33.png
007639,"BRANKOVIC, DANKO",https://media-cdn.incrowdsports.com/62e22400-6f30-4a28-9288-8df658855669.png
010560,"PIERRE, DYSHAWN",https://media-cdn.incrowdsports.com/7f04a6d9-d458-47c5-a453-b089904b8992.png
005793,"SY, BANDJA",https://media-cdn.incrowdsports.com/a07f3230-7935-48ea-89d0-e323d7374266.png
005460,"HARRIS, ELIAS",https://media-cdn.cortextech.io/214b4fa2-16fd-4ef9-b8ac-b08745e7628f.png
012721,"BEAN, JUSTIN",https://media-cdn.incrowdsports.com/541ed5f5-5882-4d0c-aa98-b5859dd37030.png
008211,"DELOW, MALTE",https://media-cdn.incrowdsports.com/4402c134-97e3-485e-ac5d-ea9bdb7bba28.png
006251,"SCHNEIDER, TIM",https://media-cdn.incrowdsports.com/3c4d48d7-a0e1-4375-9246-2d9fc7bf969a.png
003478,"ABRINES, ALEX",https://media-cdn.incrowdsports.com/47795ee0-c812-487a-be8a-67900a5ab8d5.png
008062,"MCDOWELL-WHITE, WILL",https://media-cdn.cortextech.io/1b6b5e70-f5d1-4642-a8ce-719a052fc06e.png
006436,"GIEDRAITIS, ROKAS",https://media-cdn.incrowdsports.com/514eb8b6-1987-43f8-b24b-748065632795.png
003583,"IBAKA, SERGE",https://media-cdn.incrowdsports.com/748b5640-038f-4608-90f1-2bdf439b3f4c.png
011225,"LEE, PARIS",https://media-cdn.incrowdsports.com/05e68cf9-0a9c-4f03-a465-b109bea28982.png
002553,"MITROVIC, LUKA",https://media-cdn.incrowdsports.com/a68d0c8a-9eb6-4474-962c-16864ab255db.png
002084,"POLONARA, ACHILLE",https://media-cdn.incrowdsports.com/1cbaecd9-0811-4c56-b6db-96ca70ea1141.png
005216,"MCCOLLUM, ERRICK",https://media-cdn.incrowdsports.com/9acd57ad-cd4d-46f8-84dc-f74275f549c9.png
008967,"THOMAS, MATT",https://media-cdn.cortextech.io/1dU3kpCqReRp93/1BSdBWIjCbqck7/646a6243-cc8f-44a1-bfc1-36c48c433bec.png
001392,"CAUSEUR, FABIEN",https://media-cdn.incrowdsports.com/c02a4dc6-4b7f-4b9e-89ae-10a8ed78fd34.png
010612,"CANAAN, ISAIAH",https://media-cdn.cortextech.io/b6e0f4a8-c734-42b7-86d4-333594b9020b.png
004554,"ZIZIC, ANTE",https://media-cdn.cortextech.io/1dU3kpCqReRp93/1BSdBWIjCjnONy/17184188-fa8a-44d6-b2d7-ec3267572455.png
004194,"LAUVERGNE, JOFFREY",https://media-cdn.cortextech.io/1dU3kpCqReRp93/1BSdBWIjCjnONz/29c24c4c-db63-4912-ab0c-0a55817830e1.png
008780,"HERMANNSSON, MARTIN",https://media-cdn.incrowdsports.com/4032c082-43d3-42a6-aaad-00ff98c2a756.png
013405,"ROBERSON, ANDRE",https://media-cdn.incrowdsports.com/68eba4db-c8c0-4aea-9fa9-5c1801e30108.png
002581,"JAITEH, MAM",https://media-cdn.incrowdsports.com/81504ec9-fd6b-4124-afbf-bed470352312.png
013379,"METU, CHIMEZIE",https://media-cdn.incrowdsports.com/987ca277-8334-4862-a166-c8dd1a20ad4b.png
011934,"WETZELL, YANNI",https://media-cdn.incrowdsports.com/d30b67da-dc86-45f4-969f-ecb23a50e0ef.png
012604,"WILLIAMS, TREVION",https://media-cdn.cortextech.io/d7e5006a-fc34-42fb-a7c3-44db1e52fd05.png
007870,"DAVIES, BRANDON",https://media-cdn.incrowdsports.com/81408ad9-aed4-4316-8d83-7f2f4eada6cf.png
011224,"NAPIER, SHABAZZ",https://media-cdn.incrowdsports.com/94995977-a6a1-4a20-8926-04c11757b6f1.png
007519,"JOKUBAITIS, ROKAS",https://media-cdn.cortextech.io/1dU3kpCqReRp93/1BSdBWIjCjnONy/03d55f7c-60e5-4129-9024-38b32702d9fa.png
013028,"BAIOCCHI, MATTEO",https://media-cdn.cortextech.io/1dU3kpCqReRp93/1BSdBWIjCjnONz/b41b15f2-bc1e-44d6-8eef-c250aa50d95c.png
012943,"MIJAILOVIC, UROS",https://media-cdn.cortextech.io/1dU3kpCqReRp93/1BSdBWIjCcz1GQ/0afd480d-5d85-471e-8271-177023bdaf3a.png
005379,"CANCAR, VLATKO",https://media-cdn.cortextech.io/4ea25d61-eb52-4b27-9363-8b783d1277b4.png
014107,"JOKSIMOVIC, STEFAN",https://media-cdn.cortextech.io/1dU3kpCqReRp93/1BSdBWIjCjnONy/0a550a35-2888-4a7a-8a0a-52ce8859b34b.png
014141,"ARMSTRONG, TARAN",https://media-cdn.cortextech.io/e45ca935-cc1b-4cc3-b538-5e1b7e81243e.png
004512,"KRATZER, LEON",https://media-cdn.cortextech.io/cc0faa1e-389e-4a0a-b03a-20dfdde91bf1.png
014122,"NETZIPOGLOU, OMIROS",https://media-cdn.cortextech.io/1dU3kpCqReRp93/1BSdBWIjCjnONy/58cd3b97-b267-470e-8c2d-6d6109e014fd.png
010105,"ALMANSA, IZAN",https://media-cdn.cortextech.io/94899581-0587-4377-bc88-feee33359afc.png
014128,"KUSTURICA, NIKOLA",https://media-cdn.cortextech.io/1dU3kpCqReRp93/1BSdBWIjCfFoIr/396b8802-9ee4-48f1-afdc-4b6169368e15.png
010106,"NUNEZ, JUAN",https://media-cdn.cortextech.io/1dU3kpCqReRp93/1BSdBWIjCjnONz/4332f615-51df-4097-9082-c358043303ae.png
004161,"SEGEV, ITAY",https://media-cdn.cortextech.io/fbc4d2d8-b540-4b0a-aec2-0bd3c1333ea8.png
003836,"MICHINEAU, DAVID",https://media-cdn.cortextech.io/48e19116-f5f6-4f66-932f-2fbd2a10b898.png
000956,"ANDJUSIC, DANILO",https://media-cdn.cortextech.io/1dU3kpCqReRp93/1BSdBWIjCbqck7/d092d109-6d1a-46a5-97c1-d6b957a909e0.png
012167,"BOSNJAKOVIC, MITAR",https://media-cdn.cortextech.io/8735ac59-4000-4c04-9d53-632356eab964.png
011218,"EVANS, KEENAN",https://media-cdn.cortextech.io/1dU3kpCqReRp93/1BSdBWIjCjnONv/e7711d6f-02b1-4ff1-b74a-38cfbe5f6f0b.png
013555,"GRINVALDS, GUNARS",https://media-cdn.cortextech.io/1dU3kpCqReRp93/1BSdBWIjCfFoIs/ff99135e-b487-46b8-96ab-6eed54f7f1c2.png
012365,"HRABAR, VIT",https://media-cdn.cortextech.io/ce59f392-8eaa-4724-b610-50461f933031.png
004451,"KOUZELOGLOU, IOANNIS",https://media-cdn.cortextech.io/1dU3kpCqReRp93/1BSdBWIjCjnONz/c248b31f-2d23-48b3-baa0-f052346dceb3.png
010392,"LARENTZAKIS, GIANNOULIS",https://media-cdn.cortextech.io/2737aa5a-4f3e-475f-b590-9d4a8aa3e069.png
012997,"MUURINEN, MIIKKA",https://media-cdn.cortextech.io/536cabb5-2899-4ae3-88ae-920227449430.png
011686,"RADOSIC, OGNJEN",https://media-cdn.cortextech.io/116bd643-3f15-4f6e-b4a8-aa1934648604.png
002969,"MAHMUTOGLU, MELIH",https://media-cdn.cortextech.io/1dU3kpCqReRp93/1BSdBWIjCjnONy/c26a1d54-5747-49ba-aa53-d03e732ab0d0.png
013283,"PALATIN, GUY",https://media-cdn.cortextech.io/259ecf62-d78e-412f-a32c-aabc255ca567.png
007673,"TRIFUNOVIC, UROS",https://media-cdn.cortextech.io/1dU3kpCqReRp93/1BSdBWIjCjnOS4/663ac60e-b56c-4390-850f-52ca55823aad.png
014105,"BOL, JUOM MAKER",https://media-cdn.cortextech.io/1dU3kpCqReRp93/1BSdBWIjCcz1CK/28596c46-3fae-4373-bcec-740f0bd4b847.png
005683,"RADANOV, ALEKSA",https://media-cdn.cortextech.io/1dU3kpCqReRp93/1BSdBWIjCaiEM5/ff4b35be-9078-489c-932b-f9d7e853d96d.png
013027,"ACCORSI, MATTEO",https://media-cdn.cortextech.io/6a4a2f95-b2ae-43c6-ad14-c5230acdea84.png
005356,"LOPEZ-AROSTEGUI, XABI",https://media-cdn.cortextech.io/1dU3kpCqReRp93/1BSdBWIjCjnOS4/067f9269-945f-48b5-b5bf-8c86739bed79.png
007632,"NAKIC, MARIO",https://media-cdn.cortextech.io/1dU3kpCqReRp93/1BSdBWIjCjnONz/5dbfec58-e546-482c-9400-b43f252e1b17.png
009556,"NGOUAMA, MEHDY",https://media-cdn.cortextech.io/23e384f0-ca76-43ef-86d4-38710856c294.png
014121,"OMORUYI, CLIFFORD",https://media-cdn.cortextech.io/1dU3kpCqReRp93/1BSdBWIjCjnOO0/1ba70c8b-b4c7-44df-b5d6-ab8cb8965121.png
005596,"SIMA, YANKUBA",https://media-cdn.cortextech.io/1dU3kpCqReRp93/1BSdBWIjCjnONy/f261acd1-82c0-46d6-a434-3e5618079360.png
010162,"NOGUES, ISAAC",https://media-cdn.cortextech.io/579222f0-9353-43d5-b566-eb52c723a701.png
006240,"PLAVSIC, UROS",https://media-cdn.cortextech.io/1dU3kpCqReRp93/1BSdBWIjCjnOS3/e9a9a947-0a36-442b-9458-9ca559ce4bd2.png
014177,"RYAN, MATT",https://media-cdn.cortextech.io/1dU3kpCqReRp93/1BSdBWIjCjnOS8/366b18c5-fa03-4847-8fdf-c7d9ccc7af1e.png
014133,"IROEGBU, IKE",https://media-cdn.cortextech.io/8f22edf5-41f6-4579-a0db-707de7ab4862.png
013385,"DIOP, OUSMANE",https://media-cdn.cortextech.io/1dU3kpCqReRp93/1BSdBWIjCjnONy/49ea9e85-d32d-4d13-ac68-f5d21d39af2a.png
005670,"FLACCADORI, DIEGO",https://media-cdn.cortextech.io/1dU3kpCqReRp93/1BSdBWIjCjnONy/455cdd44-0e90-4237-8ed5-4a439089a24f.png
014028,"GRAHAM, DEVONTE",https://media-cdn.cortextech.io/71aaa028-dba9-4c73-9d0e-4485a84fb061.png
008384,"PROCIDA, GABRIELE",https://media-cdn.cortextech.io/1dU3kpCqReRp93/1BSdBWIjCjnONy/a149e5fc-3602-4bfa-a347-d78cfcaf7695.png
012268,"ATAMNA, ADAM",https://media-cdn.cortextech.io/1dU3kpCqReRp93/1BSdBWIjCjnOO1/ec543524-81e6-4acc-95b0-1c2684714401.png
005942,"DANGUBIC, NEMANJA",https://media-cdn.cortextech.io/1dU3kpCqReRp93/1BSdBWIjCjnONx/cb63dd32-23db-47ea-94c6-6b7fb0520fab.png
013382,"RANDOLPH, LEVI",https://media-cdn.cortextech.io/1dU3kpCqReRp93/1BSdBWIjCbqcoI/16190676-90cb-4922-a4bd-1902762ce308.png
011221,"ANTETOKOUNMPO, KOSTAS",https://media-cdn.cortextech.io/1dU3kpCqReRp93/1BSdBWIjCjnOS8/9957364d-7561-45d4-ae68-2c8d8ae38ad7.png
002328,"GRIGONIS, MARIUS",https://media-cdn.cortextech.io/1dU3kpCqReRp93/1BSdBWIjCjnONz/a937d295-3c94-4248-aa82-8a11f7caa809.png
012977,"MIKALAUSKAS, KAJUS",https://media-cdn.cortextech.io/2081580a-4c3b-4c90-8fee-027d7a5f492f.png
014212,"MORRIS, MONTE",https://media-cdn.cortextech.io/60d224bb-40ab-4e0c-846f-9766a990146f.png
002968,"SANLI, SERTAC",https://media-cdn.cortextech.io/1dU3kpCqReRp93/1BSdBWIjCjnONy/bd7e256f-313e-4f65-a244-a4316810947f.png
008811,"FALL, MOUSTAPHA",https://media-cdn.cortextech.io/1dU3kpCqReRp93/1BSdBWIjCjnOS1/d325f7f1-d6d8-4766-be1a-451470515697.png
008176,"MUTAF, DAVID",https://media-cdn.cortextech.io/1dU3kpCqReRp93/1BSdBWIjCjnONz/b784db84-127d-4604-b2e8-700288d9e097.png
006277,"TOTE, LEONARDO",
006482,"KRAMER, DAVID",https://media-cdn.cortextech.io/1dU3kpCqReRp93/1BSdBWIjCjnONz/9d36c176-682d-40c2-84f2-db9583dc94cc.png
006509,"TONUT, STEFANO",https://media-cdn.cortextech.io/1dU3kpCqReRp93/1BSdBWIjCjnONy/0ded6608-d66e-42a8-a775-2abc02c99bc0.png
012885,"KEITA, SAYON",https://media-cdn.cortextech.io/1dU3kpCqReRp93/1BSdBWIjCfFoIr/8b47dc8d-68ff-4f0d-9992-da64a539cbad.png
009299,"RUBSTAVICIUS, MANTAS",https://media-cdn.cortextech.io/a93cf565-afb7-4791-8314-3c1e4b5b2cd8.png
004846,"TIMOR, BAR",https://media-cdn.cortextech.io/1dU3kpCqReRp93/1BSdBWIjCjnOS3/32ee037a-13a6-4b53-a74a-207073950a6c.png
011980,"SESTINA, NATHAN",https://media-cdn.cortextech.io/1dU3kpCqReRp93/1BSdBWIjCjnOS3/8ba46742-6769-488b-b657-85dce431176d.png
014004,"TAYLOR, BRANDON",https://media-cdn.cortextech.io/a1e7d29a-9f61-49db-a8ca-5eb372aeaeaa.png
008104,"ZAGARS, ARTURS",https://media-cdn.cortextech.io/b730ece6-d4b7-409a-84d6-398b9bc1315c.png
011305,"CARTER, TYSON",https://media-cdn.cortextech.io/1dU3kpCqReRp93/1BSdBWIjCjnONz/d37da46b-3d80-49da-b17f-da29dc096626.png
004655,"BAKO, ISMAEL",https://media-cdn.cortextech.io/1dU3kpCqReRp93/1BSdBWIjCjnOS4/8899b1a5-f5a2-4b51-ba88-3b0e3dac1d19.png
012612,"SHAHRVIN, ENZO",https://media-cdn.cortextech.io/2f3bd2f7-96b6-470c-83e8-dd5bbb5d32ff.png
010035,"VILLAR, RAFA",https://media-cdn.cortextech.io/1dU3kpCqReRp93/1BSdBWIjCjnOS4/e4d41089-6f39-49fe-976d-3a613d66a6d2.png
011209,"KALAITZAKIS, PANAGIOTIS",https://media-cdn.cortextech.io/1dU3kpCqReRp93/1BSdBWIjCjnONz/d9142339-64d6-403e-a019-0b74bec5611e.png
005844,"PAPAGIANNIS, GEORGIOS",https://media-cdn.cortextech.io/1dU3kpCqReRp93/1BSdBWIjCjnONz/764bed7f-f762-4b43-b542-6ae1ef78aed0.png
014094,"MILJENOVIC, STEFAN",https://media-cdn.cortextech.io/1dU3kpCqReRp93/1BSdBWIjCjnONz/8138f3db-604d-4f03-8279-94013721a3d7.png
008858,"ENNIS, TYLER",https://media-cdn.cortextech.io/ec15342d-838f-4f87-8bee-3a9e12d7d397.png
004292,"TOLIOPOULOS, VASSILIS",https://media-cdn.cortextech.io/9912b4e4-434f-46b2-8335-9e7250a8e3e6.png
006904,"AYAYI, JOEL",https://media-cdn.cortextech.io/3db448b6-8ede-4921-9522-2a01b163c996.png
014015,"BACOT JR., ARMANDO",https://media-cdn.cortextech.io/1dU3kpCqReRp93/1BSdBWIjCjnOS3/e4a07b77-6908-4790-b710-7187f9a57537.png
006661,"WILBEKIN, SCOTTIE",https://media-cdn.cortextech.io/1dU3kpCqReRp93/1BSdBWIjCjnONy/a66ef548-089c-4cb2-8645-e397472f11be.png
007513,"GIEDRAITIS, DOVYDAS",https://media-cdn.cortextech.io/1dU3kpCqReRp93/1BSdBWIjCjnONz/767fb622-9a2b-4fae-ad01-39b3c64f046b.png
007579,"SAMANIC, LUKA",https://media-cdn.cortextech.io/f7d0ab59-0c76-4125-a864-cce8c4b24906.png
011442,"SAMODUROV, ALEXANDROS",https://media-cdn.cortextech.io/b923f1c4-5405-4e82-a423-44e91f783edc.png
012044,"DOS SANTOS, YAGO",https://media-cdn.cortextech.io/e0f72d56-5553-431c-8cb8-b5db06684356.png
011935,"MAKOUNDOU, YOAN",https://media-cdn.cortextech.io/1dU3kpCqReRp93/1BSdBWIjCjnONz/cf600197-dfa3-4655-8141-f7b285190c36.png
006372,"YILMAZ, ERKAN",https://media-cdn.cortextech.io/1dU3kpCqReRp93/1BSdBWIjCjnONz/da191ebd-a494-4852-bdc6-d9d2ef8acb20.png
011214,"RIVERO, JASIEL",https://media-cdn.cortextech.io/1dU3kpCqReRp93/1BSdBWIjCjnONy/846bcba4-d936-4a76-964c-2a38b7f543da.png
014219,"FERRARI, FRANCESCO",https://media-cdn.cortextech.io/1dU3kpCqReRp93/1BSdBWIjCjnONz/2c8a51e8-7003-4d2f-909f-208cb763fd00.png
014157,"ELLIS, BOOGIE",https://media-cdn.cortextech.io/b2638a60-244f-4304-9294-16a4b3ecd667.png
010550,"GINAT, TOMER",https://media-cdn.cortextech.io/64a9bf27-99df-4fde-95e8-a2e6b3281a07.png
009948,"MARCOS, JUANI",https://media-cdn.cortextech.io/4f6fd77e-968f-4eed-aefe-0e9828fafbd5.png
013304,"HANKINS, ZACHARY",https://media-cdn.cortextech.io/e6ee1582-9705-4702-a369-bc0e9c802b62.png
012597,"BALDWIN, KAMAR",https://media-cdn.cortextech.io/1dU3kpCqReRp93/1BSdBWIjCjnONy/5fa39900-dd95-4c21-bc85-03cee538cb61.png
014120,"LAVI, GUR",https://media-cdn.cortextech.io/1dU3kpCqReRp93/1BSdBWIjCjnOS3/3eb8e1e5-40b5-4312-9582-1a95ceb03e73.png
011052,"MADAR, YAM",https://media-cdn.cortextech.io/1dU3kpCqReRp93/1BSdBWIjCjnOO0/2ed6fb94-2e87-467d-89f6-67500e3e76b8.png
014031,"KONDIC, KOSTA",https://media-cdn.cortextech.io/1dU3kpCqReRp93/1BSdBWIjCjnONy/61393a92-808c-4d71-90d9-84b6396fcdaa.png
006591,"NTILIKINA, FRANK",https://media-cdn.cortextech.io/fc66f2ff-ec65-46a3-9321-f451825c4990.png
003091,"BIRSEN, METECAN",https://media-cdn.cortextech.io/1dU3kpCqReRp93/1BSdBWIjCjnONy/41c4768b-f1cf-4198-8e2a-f17ed59fdeb1.png
007736,"LAKIC, ARIJAN",https://media-cdn.cortextech.io/1dU3kpCqReRp93/1BSdBWIjCjnONz/2d7f73eb-ff44-4a2a-8e85-7d535077120e.png
014220,"SILVA, CHRIS",https://media-cdn.cortextech.io/1dU3kpCqReRp93/1BSdBWIjCjnONy/f0e9c8ca-d866-460f-8135-df73fc689333.png
007929,"BITIM, ONURALP",https://media-cdn.cortextech.io/1dU3kpCqReRp93/1BSdBWIjCjnONy/6e25f43c-4acd-4b01-9a49-cbae6e88f864.png
011064,"MANNION, NICCOLO",https://media-cdn.cortextech.io/1dU3kpCqReRp93/1BSdBWIjCjnOS5/0725422d-c163-4fe8-b50d-2874f7cc05c5.png
003527,"ABASS, AWUDU",https://media-cdn.cortextech.io/433a611c-9dd9-46d0-8891-5655af2e1e37.png
007960,"DAVIDOVAC, DEJAN",https://media-cdn.cortextech.io/1dU3kpCqReRp93/1BSdBWIjCjnONz/1f453365-d6ce-4d90-9074-58a096ea1bbc.png
014416,"EDWARDS, KESSLER",https://media-cdn.cortextech.io/1dU3kpCqReRp93/1BSdBWIjCjnONz/2a8752bb-1e79-44fb-9f45-1f0ebcfb7465.png
TGB,"LLULL, SERGIO",https://media-cdn.cortextech.io/1dU3kpCqReRp93/1BSdBWIjCjnONy/e5b5f6e3-c6c4-4433-ae12-27bd2993b047.png
012745,"PARKER, JABARI",https://media-cdn.cortextech.io/a3dfef1d-7e92-483c-9de7-0cd252e015fe.png
012096,"CABOCLO, BRUNO",https://media-cdn.cortextech.io/1dU3kpCqReRp93/1BSdBWIjCbqcg0/8fa532db-fe10-413f-98d1-627e7df8d7e9.png
008232,"POKUSEVSKI, ALEKSEJ",https://media-cdn.cortextech.io/48c507e4-5d3d-45fa-8178-80cfacc0fdcc.png
004761,"MARINKOVIC, VANJA",https://media-cdn.cortextech.io/1dU3kpCqReRp93/1BSdBWIjCjnONz/bf908c41-803f-45dd-82bb-3e7503bdd6ee.png
003048,"DUNSTON, BRYANT",https://media-cdn.cortextech.io/e3c4915b-e70f-4813-9bdb-43bbbc606e33.png
009622,"BROWN, LORENZO",https://media-cdn.cortextech.io/8c072cdd-59ae-4c44-8388-6a1903cd239e.png
001255,"PAPANIKOLAOU, KOSTAS",https://media-cdn.cortextech.io/1dU3kpCqReRp93/1BSdBWIjCjnONy/ecebd297-d0b7-49bb-b33b-160dfa77f564.png
014169,"LEN, ALEX",https://media-cdn.cortextech.io/4f3880c6-6b3b-4af7-bc52-2d721c68372e.png
011816,"AKELE, NICOLA",https://media-cdn.cortextech.io/1dU3kpCqReRp93/1BSdBWIjCjnONy/0b23dcbc-9c10-488a-9c33-d510c7b52a2b.png
008161,"BEGARIN, JUHANN",https://media-cdn.cortextech.io/ef563cdb-4d77-4f8b-b343-7d1c0e0b19e2.png
006568,"FALL, YOUSSOUPHA",https://media-cdn.cortextech.io/d1ddd241-43e3-4ae0-bfd7-e382bbeb97a6.png
011949,"HOMMES, DAULTON",https://media-cdn.cortextech.io/1dU3kpCqReRp93/1BSdBWIjCjnONz/7a9317da-cdf8-40cb-8098-e6d083d631ac.png
000229,"JACKSON, EDWIN",https://media-cdn.cortextech.io/1dU3kpCqReRp93/1BSdBWIjCjnOS3/7e64fb9a-87d0-4545-97af-2159b010f0aa.png
002661,"PREPELIC, KLEMEN",https://media-cdn.cortextech.io/1dU3kpCqReRp93/1BSdBWIjCjnONy/ce003dfb-b3d8-484f-bc02-7c80bdd3af98.png
010318,"DESSERT, BRICE",https://media-cdn.cortextech.io/c8e7af8c-604f-4412-bcea-f9519c87c1f7.png
007029,"SIRVYDIS, DEIVIDAS",https://media-cdn.cortextech.io/1dU3kpCqReRp93/1BSdBWIjCjnONz/0f38f343-3a06-40e9-a3f6-999fae1df4cb.png
006590,"BEAUBOIS, RODRIGUE",https://media-cdn.cortextech.io/281e3d42-9999-46b7-bbe4-4b03c18af2c5.png
010316,"AJINCA, MELVIN",https://media-cdn.cortextech.io/1dU3kpCqReRp93/1BSdBWIjCjnOS3/ccdbb53c-5221-4334-ace3-4de0d09965dd.png
013381,"RAYMAN, WILLIAM",https://media-cdn.cortextech.io/1dU3kpCqReRp93/1BSdBWIjCjnOO0/8d9e8529-db95-4e71-b212-68e2716504f6.png
014016,"BOSTON JR., BRANDON",https://media-cdn.cortextech.io/e0c8086d-9ea8-43da-8292-7fc4c3889762.png
014162,"DINWIDDIE, SPENCER",https://media-cdn.cortextech.io/fe9bce7b-1731-4d27-bb83-60b8d352e92c.png
014316,"JOSEPH, CORY",https://media-cdn.cortextech.io/1dU3kpCqReRp93/1BSdBWIjCjnONy/66bfdaf4-af45-4710-8bc9-dbd02e88f505.png
014213,"PAYNE, CAMERON",https://media-cdn.cortextech.io/c607d57e-0d0a-44b1-9664-4b16dceeec30.png
013269,"CALE, MYLES",https://media-cdn.cortextech.io/1dU3kpCqReRp93/1BSdBWIjCjnOS3/f809659a-6ca0-4d54-82db-a19c8e6b33a3.png
004007,"DOBRIC, OGNJEN",https://media-cdn.cortextech.io/1dU3kpCqReRp93/1BSdBWIjCjnONz/88d6f616-1540-408a-828b-6c2754d939f6.png
009035,"BOLOMBOY, JOEL",https://media-cdn.cortextech.io/1dU3kpCqReRp93/1BSdBWIjCjnOS3/454d73d1-9f8a-4520-bdb9-2c67f6fcf1b7.png
011823,"ODIASE, TAI",https://media-cdn.cortextech.io/1dU3kpCqReRp93/1BSdBWIjCjnOS3/8395c88e-47d4-4ef4-b4d7-1a0eef18a4d9.png
014025,"SWIDER, COLE",https://media-cdn.cortextech.io/56eccbef-38b7-4f73-be3d-d85cd69b5074.png
001557,"GIFFEY, NIELS",https://media-cdn.cortextech.io/1dU3kpCqReRp93/1BSdBWIjCjnONy/848ecece-6f58-4d77-be0a-494e195584bc.png
012515,"TARPEY, TERRY",https://media-cdn.cortextech.io/1dU3kpCqReRp93/1BSdBWIjCjnONz/c9d9c3be-5f8b-4877-a12a-c757b239e3f0.png
011983,"BRAZDEIKIS, IGNAS",https://media-cdn.cortextech.io/32aea757-dc80-4848-82f4-525b77e0eb0d.png
007990,"DIBARTOLOMEO, JOHN",https://media-cdn.cortextech.io/1dU3kpCqReRp93/1BSdBWIjCjnOO0/fa17418f-980a-46d6-a5f3-ebd69bebb92d.png
009513,"HOLLATZ, JUSTUS",https://media-cdn.cortextech.io/1dU3kpCqReRp93/1BSdBWIjCjnONy/d62edd43-6a87-4c93-91a1-341ce3a104c6.png
014190,"RADZEVICIUS, GYTIS",https://media-cdn.cortextech.io/7745b1f2-e6a5-462d-8d7c-54ae6f3bbc8b.png
003526,"LIGHTY, DAVID",https://media-cdn.cortextech.io/1dU3kpCqReRp93/1BSdBWIjCjnOS3/ca29fd28-aef3-414c-8b78-78525f8ac1eb.png
007230,"SEDEKERSKIS, TADAS",https://media-cdn.cortextech.io/1dU3kpCqReRp93/1BSdBWIjCjnONy/6d9e7b46-0476-4952-bef8-584efabcd9da.png
011201,"HAZER, SEHMUS",https://media-cdn.cortextech.io/4ddb1fa4-97c7-4e34-9d0b-eaf23f9bf632.png
014123,"DOWTIN JR, JEFFREY",https://media-cdn.cortextech.io/6976aa15-8d91-454e-987a-82f8e6059771.png
006725,"EBOUA, PAUL",https://media-cdn.cortextech.io/1dU3kpCqReRp93/1BSdBWIjCjnOS8/9d2adc18-c9d3-4009-916a-71e3e6d29fb3.png
007853,"MCKISSIC, SHAQUIELLE",https://media-cdn.cortextech.io/1dU3kpCqReRp93/1BSdBWIjCjnOS4/0ba95474-5768-4e6a-80e3-a27ffb1d6192.png
014007,"MILTON, SHAKE",https://media-cdn.cortextech.io/1dU3kpCqReRp93/1BSdBWIjCjnOS5/69d6e851-c161-4f7c-89b8-275e238ad200.png
010750,"DE LARREA, SERGIO",https://media-cdn.cortextech.io/5c52e29f-09dd-45b3-ae82-a839d68146f7.png
004197,"OUATTARA, YAKUBA",https://media-cdn.cortextech.io/7a130397-0f2a-47a2-adc3-eed775bcbf37.png
004863,"JOVIC, STEFAN",https://media-cdn.cortextech.io/1dU3kpCqReRp93/1BSdBWIjCjnOS8/00f472f8-100f-445c-ae2f-3daaa529f34a.png
006435,"LAPROVITTOLA, NICOLAS",https://media-cdn.cortextech.io/d7e43b16-3a21-4087-b04f-89cdaedb7158.png
007201,"VOIGTMANN, JOHANNES",https://media-cdn.cortextech.io/1dU3kpCqReRp93/1BSdBWIjCjnONy/28518dcb-f41d-4ea7-b76c-8217072ca3d2.png
009733,"JEKIRI, TONYE",https://media-cdn.cortextech.io/1dU3kpCqReRp93/1BSdBWIjCjnONz/ab062502-8a00-4f63-9eab-e01819440e8b.png
012618,"MASSA, BODIAN",https://media-cdn.cortextech.io/1dU3kpCqReRp93/1BSdBWIjCjnOS3/4f3bb25d-b835-4e0e-9159-8c1635c4ce2a.png
001844,"HACKETT, DANIEL",https://media-cdn.cortextech.io/1dU3kpCqReRp93/1BSdBWIjCjnONz/f3a04739-9830-4126-8c40-d7ac9b7ef187.png
004887,"POIRIER, VINCENT",https://media-cdn.cortextech.io/bce92ebe-03e1-4588-9235-65b7e965b4e4.png
013378,"RATHAN-MAYES, XAVIER",https://media-cdn.cortextech.io/be33c25c-a375-46b0-8fa6-b978b93ac5f0.png
003733,"ABALDE, ALBERTO",https://media-cdn.cortextech.io/1dU3kpCqReRp93/1BSdBWIjCjnONy/f3b04ef8-b127-48a1-9be5-466f7729240c.png
011085,"ROGKAVOPOULOS, NIKOLAOS",https://media-cdn.cortextech.io/1dU3kpCqReRp93/1BSdBWIjCjnONz/92a266f5-b0cd-4993-b475-38a1e128ccc8.png
011948,"HOWARD, MARKUS",https://media-cdn.cortextech.io/1dU3kpCqReRp93/1BSdBWIjCjnONy/50d10547-ade7-4abb-af2a-35ef3ceb0b01.png
005353,"YURTSEVEN, OMER",https://media-cdn.cortextech.io/29d995d1-2556-48d7-9870-ef5f214a4a5c.png
003458,"BERTANS, DAVIS",https://media-cdn.cortextech.io/1dU3kpCqReRp93/1BSdBWIjCjnONy/3a50124b-7e2e-4716-94c8-7e263a45cff5.png
014086,"DIALLO, HAMIDOU",https://media-cdn.cortextech.io/7db7148a-0fd4-4470-ae80-0e3684a2ee54.png
008325,"KAMENJAS, KENAN",https://media-cdn.cortextech.io/1dU3kpCqReRp93/1BSdBWIjCjnONx/5b0bd75f-af22-4996-84a9-d0d648f79bf3.png
013373,"CAVALIERE, LEOPOLD",https://media-cdn.cortextech.io/1dU3kpCqReRp93/1BSdBWIjCjnONz/63c6b216-3410-4c21-8ad0-a8277380c6b1.png
014119,"NOWELL, MARKQUIS",https://media-cdn.cortextech.io/02c8c710-f160-471e-b241-e0c0e3a976a8.png
006739,"PAJOLA, ALESSANDRO",https://media-cdn.cortextech.io/1dU3kpCqReRp93/1BSdBWIjCjnONz/d80ae7ee-8755-47b7-8194-2d74312eefc9.png
007866,"MITOGLOU, KONSTANTINOS",https://media-cdn.cortextech.io/1dU3kpCqReRp93/1BSdBWIjCjnONz/90d5376e-f240-4e2f-93d5-3fca317e5301.png
001518,"RICCI, GIAMPAOLO",https://media-cdn.cortextech.io/1dU3kpCqReRp93/1BSdBWIjCjnONy/b9b0b819-b255-41fb-aa35-f450eb2503cb.png
014134,"NORRIS, MILES",https://media-cdn.cortextech.io/1dU3kpCqReRp93/1BSdBWIjCjnONy/d6a2fbe4-7f6f-4b84-824f-f41630898d84.png
003842,"LESSORT, MATHIAS",https://media-cdn.cortextech.io/1dU3kpCqReRp93/1BSdBWIjCjnONz/c1a76676-300c-4059-9a26-bc18e0b35c9f.png
008072,"DIOP, KHALIFA",https://media-cdn.cortextech.io/d78b882f-2f17-4f2a-8685-55cd7f75be1b.png
014011,"HOLMES, RICHAUN",https://media-cdn.cortextech.io/96c56c5d-923f-46df-9f7d-7005e690b8df.png
000848,"NEDOVIC, NEMANJA",https://media-cdn.cortextech.io/664a91ef-82db-43d9-81c7-30bcbb9d8139.png
013284,"WAINRIGHT, ISH",https://media-cdn.cortextech.io/1dU3kpCqReRp93/1BSdBWIjCjnOS3/ffe1d2cd-9843-4d51-8fd6-2eeceac2c7cb.png
012613,"JANTUNEN, MIKAEL",https://media-cdn.cortextech.io/1dU3kpCqReRp93/1BSdBWIjCjnONy/10bea46c-6970-4540-be9a-e6ef97ea0121.png
014026,"FRISCH, CLEMENT",https://media-cdn.cortextech.io/1dU3kpCqReRp93/1BSdBWIjCjnONy/42d1c992-b912-4c98-be0e-eb95d712b204.png
014108,"DIARRA, ALIOU",https://media-cdn.cortextech.io/1dU3kpCqReRp93/1BSdBWIjCjnONz/622f5afe-0cda-41b3-8e86-f73efd580d9a.png
012611,"HERRERA, SEBASTIAN",https://media-cdn.cortextech.io/554a36c3-9fe5-44af-8100-9cb7752e132a.png
007200,"LARKIN, SHANE",https://media-cdn.cortextech.io/1dU3kpCqReRp93/1BSdBWIjCjnONy/928a11fc-528e-4ca7-87d3-a15527ad561d.png
014009,"STEVENS, LAMAR",https://media-cdn.cortextech.io/1dU3kpCqReRp93/1BSdBWIjCjnONz/5add268d-bb5b-4c7d-934a-5214df1f201a.png
001932,"CALATHES, NICK",https://media-cdn.cortextech.io/1dU3kpCqReRp93/1BSdBWIjCjnOO0/909be9ee-8d4b-483f-a87a-1d427142a207.png
005713,"KURUCS, RODIONS",https://media-cdn.cortextech.io/1dU3kpCqReRp93/1BSdBWIjCjnONy/2c60a5d5-e755-43f1-8783-8810ad15d63a.png
012742,"DOZIER, PJ",https://media-cdn.cortextech.io/1dU3kpCqReRp93/1BSdBWIjCjnONz/92da8264-e1f6-434c-9923-a86d51b3affd.png
010431,"MORGAN, JEREMY",https://media-cdn.cortextech.io/1dU3kpCqReRp93/1BSdBWIjCjnONz/86b88bde-0eb8-434c-97c5-1c343473963d.png
014014,"VAUTIER, BASTIEN",https://media-cdn.cortextech.io/b33e8226-0dfc-4169-b7db-4e5c81590d55.png
010781,"LUNDBERG, IFFE",https://media-cdn.cortextech.io/1dU3kpCqReRp93/1BSdBWIjCjnOS3/63defe93-90f3-4b5d-a197-23a4401c4d63.png
LCZ,"MOTIEJUNAS, DONATAS",https://media-cdn.cortextech.io/b9453f11-74b4-498e-8490-e5cbc1b25255.png
006643,"PUERTO, JOSEP",https://media-cdn.cortextech.io/1dU3kpCqReRp93/1BSdBWIjCjnONy/d1c5ad9a-5349-4738-a9e3-8f46f48e26ed.png
005422,"JALLOW, KARIM",https://media-cdn.cortextech.io/1dU3kpCqReRp93/1BSdBWIjCjnOS8/c9a2314c-b1fb-4fa9-8593-9d3bcbb5712e.png
013383,"GABRIEL, WENYEN",https://media-cdn.cortextech.io/1dU3kpCqReRp93/1BSdBWIjCjnONy/bffa3555-b896-4e50-83dd-8207c2c08445.png
008962,"HAYES-DAVIS, NIGEL",https://media-cdn.cortextech.io/1dU3kpCqReRp93/1BSdBWIjCjnOS1/fabe19c3-ca59-4574-9424-8298198960e6.png
014178,"RHODEN, JARED",https://media-cdn.cortextech.io/1dU3kpCqReRp93/1BSdBWIjCjnONz/7934ce9d-4a65-4f45-bc46-e22eb56660bc.png
012795,"ANDERSON, JUSTIN",https://media-cdn.cortextech.io/1dU3kpCqReRp93/1BSdBWIjCjnONy/1479c837-d210-42a8-884d-3240c08a319e.png
007182,"BIRCH, KHEM",https://media-cdn.cortextech.io/07341c6e-b835-4434-bf94-87314dea546b.png
007993,"M'BAYE, AMATH",https://media-cdn.cortextech.io/29eebe44-7b24-44c5-8dd5-b085a3d056d5.png
014088,"SELJAAS, ZACHARY",https://media-cdn.cortextech.io/dc020bbc-568f-482c-8e1a-070df69a0b83.png
007109,"SMITS, ROLANDS",https://media-cdn.cortextech.io/d4e2115d-e8a8-497e-9522-f11f7d7d0336.png
013386,"MCCORMACK, DAVID",https://media-cdn.cortextech.io/e6d83e1c-82df-4d7b-8d94-6a7f0a037e60.png
005504,"BIRUTIS, LAURYNAS",https://media-cdn.cortextech.io/ec9e23f4-7618-42d7-9ccd-05bb89fe2e4b.png
013389,"LEE, SABEN",https://media-cdn.cortextech.io/1dU3kpCqReRp93/1BSdBWIjCjnONz/1d48d694-eec0-4af9-b788-6b3aaa8d12bf.png
003983,"AVRAMOVIC, ALEKSA",https://media-cdn.cortextech.io/1dU3kpCqReRp93/1BSdBWIjCjnOS1/09ba6b1f-d3db-41e0-9c87-c80809f73438.png
013289,"SANTOS, MARCIO",https://media-cdn.cortextech.io/5388e430-a3af-404e-9b40-90f755cbcb77.png
011051,"SMAILAGIC, ALEN",https://media-cdn.cortextech.io/ae9cae56-3e7e-4f67-ad21-e0926b9f159b.png
009992,"BRIZUELA, DARIO",https://media-cdn.cortextech.io/1dU3kpCqReRp93/1BSdBWIjCjnONz/ce0ebb86-2c93-4aa6-8892-9ef1334d2d45.png
006085,"DIMITRIJEVIC, NENO",https://media-cdn.cortextech.io/1dU3kpCqReRp93/1BSdBWIjCbqcoI/d0eaec8a-4e8d-4c13-b312-b4597ffbc2a9.png
010319,"TRAORE, ARMEL",https://media-cdn.cortextech.io/1dU3kpCqReRp93/1BSdBWIjCjnOO1/8cc5d350-fbb3-4840-ad3d-907e7dcbd673.png
009664,"WILLIS, DEREK",https://media-cdn.cortextech.io/1dU3kpCqReRp93/1BSdBWIjCjnONz/fff78d8f-32e7-48f7-a9c8-f56e536b4c85.png
014168,"KEY, BRAXTON",https://media-cdn.cortextech.io/1dU3kpCqReRp93/1BSdBWIjCjnONy/3f004905-928d-4e58-a51f-a19b0aa852e5.png
KLT,"HEURTEL, THOMAS",https://media-cdn.cortextech.io/738f1c5e-08d0-477c-9c7c-1a304fef6319.png
008173,"SPAGNOLO, MATTEO",https://media-cdn.cortextech.io/1dU3kpCqReRp93/1BSdBWIjCjnONy/c46e739a-7112-423c-b1cf-1551460475dc.png
004866,"KALINIC, NIKOLA",https://media-cdn.cortextech.io/8b1112da-0b01-4305-b27a-c6424ef1f54f.png
013369,"JONES, CARLIK",https://media-cdn.cortextech.io/1dU3kpCqReRp93/1BSdBWIjCjnONz/18dc2e86-95e0-4c68-a949-f6897d477f8b.png
011927,"SLEVA, DUSTIN",https://media-cdn.cortextech.io/1dU3kpCqReRp93/1BSdBWIjCjnONz/f37f7850-396e-44d3-8dcc-c6503a4a76d3.png
013370,"WASHINGTON, DUANE",https://media-cdn.cortextech.io/1dU3kpCqReRp93/1BSdBWIjCjnONy/928b8246-2d1b-49f1-8f9f-47233a53d91d.png
014207,"OMORUYI, EUGENE",https://media-cdn.cortextech.io/1dU3kpCqReRp93/1BSdBWIjCjnONy/953f26c1-239a-45b6-b0a1-759f378b9168.png
010581,"OSETKOWSKI, DYLAN",https://media-cdn.cortextech.io/1dU3kpCqReRp93/1BSdBWIjCjnONy/77868a0a-7b7e-4fd9-82a0-fd766388f479.png
007630,"GARUBA, USMAN",https://media-cdn.cortextech.io/1dU3kpCqReRp93/1BSdBWIjCjnONy/8f36ef87-697a-4583-b5e6-0a12b8f72465.png
013371,"HARRISON, SHAQUILLE",https://media-cdn.cortextech.io/3b994fa6-5da8-4559-ac9a-6c6400e3fd99.png
010545,"SAKO, NEAL",https://media-cdn.cortextech.io/1dU3kpCqReRp93/1BSdBWIjCjnONy/abd62f56-26d6-4f58-aa4e-54d9c2606c55.png
009549,"CORDINIER, ISAIA",https://media-cdn.cortextech.io/1dU3kpCqReRp93/1BSdBWIjCjnONz/faf1dbe4-c23a-4b7a-8175-72d536d41d52.png
011247,"FELIZ, ANDRES",https://media-cdn.cortextech.io/1dU3kpCqReRp93/1BSdBWIjCjnONy/f1b18434-916a-4d6b-95f4-daa88e901887.png
011284,"FARIED, KENNETH",https://media-cdn.cortextech.io/1dU3kpCqReRp93/1BSdBWIjCjnONy/b0840890-3358-47e0-9672-0ef3c5172b90.png
014102,"JONES, KAI",https://media-cdn.cortextech.io/1dU3kpCqReRp93/1BSdBWIjCjnONz/f6863e93-e184-46e1-bae5-00166020bd7f.png
010465,"ANGOLA, BRAIAN",https://media-cdn.cortextech.io/1dU3kpCqReRp93/1BSdBWIjCaiEI5/8a77bddd-1d92-4ec1-b784-9b71ba9cea1a.png
012403,"FAYE, MOUHAMED",https://media-cdn.cortextech.io/1dU3kpCqReRp93/1BSdBWIjCjnONz/2a94cfc5-db7e-4018-9c6f-b9ee436dd7b4.png
011244,"DA SILVA, OSCAR",https://media-cdn.cortextech.io/1dU3kpCqReRp93/1BSdBWIjCjnONy/5c62c23d-0581-4667-a77b-52af033153bc.png
012610,"WARD, TYSON",https://media-cdn.cortextech.io/1dU3kpCqReRp93/1BSdBWIjCjnONy/d47af427-fc27-4cdd-9e0a-139476098ec6.png
003196,"HERNANGOMEZ, WILLY",https://media-cdn.cortextech.io/2b0a03c6-90ec-400a-8b01-6c4c8c234234.png
007464,"PARRA, JOEL",https://media-cdn.cortextech.io/1dU3kpCqReRp93/1BSdBWIjCjnONz/9a56a310-cebf-4640-ab91-5c7690d16c51.png
002329,"ULANOVAS, EDGARAS",https://media-cdn.cortextech.io/1dU3kpCqReRp93/1BSdBWIjCjnONz/5d1b2a2a-4d68-4723-8389-d86a4d6f8b6b.png
006540,"MUSA, DZANAN",https://media-cdn.cortextech.io/1dU3kpCqReRp93/1BSdBWIjCjnONy/1ed4ca00-fa97-4664-85e2-e892039b2892.png
011157,"MOTLEY, JOHNATHAN",https://media-cdn.cortextech.io/1dU3kpCqReRp93/1BSdBWIjCjnOS3/94c8ef3f-a59d-44bb-8d91-979ee4e075ec.png
007032,"LO, MAODO",https://media-cdn.cortextech.io/1dU3kpCqReRp93/1BSdBWIjCjnONz/b9843075-3b7e-4e22-b4b3-24ab71044c9e.png
002676,"BUTKEVICIUS, ARNAS",https://media-cdn.cortextech.io/1dU3kpCqReRp93/1BSdBWIjCjnONz/30189b7a-3050-4119-9fbb-165978cd8f71.png
010390,"HAYES, KEVARRIUS",https://media-cdn.cortextech.io/1dU3kpCqReRp93/1BSdBWIjCjnONz/0cd451e5-94a5-46fd-9b80-cb636427977a.png
013290,"JESSUP, JUSTINIAN",https://media-cdn.cortextech.io/1dU3kpCqReRp93/1BSdBWIjCjnONy/ca7c1847-03d2-4271-a334-84de89bcd58d.png
014010,"DOKOSSI, ALLAN",https://media-cdn.cortextech.io/1dU3kpCqReRp93/1BSdBWIjCjnONz/33d6b1bb-2e42-42de-98e3-c02c475d36d1.png
010444,"COSTELLO, MATTHEW",https://media-cdn.cortextech.io/daa41d29-1915-4021-b276-aff41df0b04b.png
011205,"HALL, DEVON",https://media-cdn.cortextech.io/1dU3kpCqReRp93/1BSdBWIjCjnONy/f1f593da-33f7-4d2f-a4f7-7b8ec129e4ad.png
014012,"LEAF, TJ",https://media-cdn.cortextech.io/1dU3kpCqReRp93/1BSdBWIjCjnOO0/edfbe4a4-e6d1-41ad-9638-d4638ba18adf.png
011982,"OJELEYE, SEMI",https://media-cdn.cortextech.io/1dU3kpCqReRp93/1BSdBWIjCjnONz/734ca587-f81e-4974-985f-3857a1a66bf8.png
007947,"VILDOZA, LUCA",https://media-cdn.cortextech.io/1dU3kpCqReRp93/1BSdBWIjCjnONz/8cabc4e6-be71-4962-9876-f7beda50343f.png
008985,"BOLMARO, LEANDRO",https://media-cdn.cortextech.io/1dU3kpCqReRp93/1BSdBWIjCjnONy/407d3664-5298-4677-bba8-fd4b8fee4928.png
013699,"CLARK III, JIMMY",https://media-cdn.cortextech.io/1dU3kpCqReRp93/1BSdBWIjCjnOS3/006c60ff-e935-4695-8889-a1ab9a512eff.png
014005,"ALSTON JR. , DERRICK",https://media-cdn.cortextech.io/1dU3kpCqReRp93/1BSdBWIjCjnONz/3351b25e-52eb-478a-ad83-0e1a659b6337.png
012731,"NDIAYE, MBAYE",https://media-cdn.cortextech.io/1dU3kpCqReRp93/1BSdBWIjCjnONy/df9f4f8d-6000-4fe4-a5fe-b463326723c4.png
014115,"MOORE, OMARI",https://media-cdn.cortextech.io/1dU3kpCqReRp93/1BSdBWIjCjnONy/68732c89-3262-41af-abe0-0798fbb5f77f.png
011193,"BLATT, TAMIR",https://media-cdn.cortextech.io/780f9309-2c9f-4a43-be7f-9f7a7182d133.png
014152,"SIMMONS, KOBI",https://media-cdn.cortextech.io/1dU3kpCqReRp93/1BSdBWIjCjnONy/b17aec54-7bd1-42a5-8b4c-c978b681473b.png
011836,"MIKE, ISIAHA",https://media-cdn.cortextech.io/1dU3kpCqReRp93/1BSdBWIjCjnOS1/92698c1a-11ac-4929-9ec6-801376f1b07a.png
012609,"MALCOLM, COLLIN",https://media-cdn.cortextech.io/1dU3kpCqReRp93/1BSdBWIjCjnONz/cf5b29e9-6800-41cf-91d0-caf5ef30e20f.png
007982,"WILLIAMS-GOSS, NIGEL",https://media-cdn.cortextech.io/1dU3kpCqReRp93/1BSdBWIjCjnONz/9f214a9f-c921-4175-abe6-7099abffeb35.png
006961,"BIBEROVIC, TARIK",https://media-cdn.cortextech.io/f62a393b-7a2e-4ba8-a90f-8f7b1d56570c.png
014029,"IZUNDU, EBUKA",https://media-cdn.cortextech.io/1dU3kpCqReRp93/1BSdBWIjCjnONz/edc21d49-0112-45b4-b4ab-e5496c5c1600.png
012608,"SHORTS, TJ",https://media-cdn.cortextech.io/1dU3kpCqReRp93/1BSdBWIjCjnONy/9fa5bf1b-8cb1-4875-8ac7-42ec4173ec8b.png
014006,"OKEKE, CHUMA",https://media-cdn.cortextech.io/1dU3kpCqReRp93/1BSdBWIjCjnONy/7d642b8d-30f6-47b5-a576-f0c3a94c3a5f.png
007056,"BOOKER, DEVIN",https://media-cdn.cortextech.io/1dU3kpCqReRp93/1BSdBWIjCjnONy/bac6b071-e029-470a-b5fa-4cb66d11eef7.png
013374,"DIOUF, MOUHAMET",https://media-cdn.cortextech.io/1dU3kpCqReRp93/1BSdBWIjCjnONz/44fceb26-24ea-4de5-b66b-724b5e569867.png
014163,"BUTLER, JARED",https://media-cdn.cortextech.io/1dU3kpCqReRp93/1BSdBWIjCjnONz/df3943a2-33b5-43e8-9922-bc85f4c4c84e.png
009783,"COLSON, BONZIE",https://media-cdn.cortextech.io/1dU3kpCqReRp93/1BSdBWIjCjnOS3/87d131fa-c5bc-4ad6-806f-b8fcf07dd682.png
011204,"GRANT, JERIAN",https://media-cdn.cortextech.io/1dU3kpCqReRp93/1BSdBWIjCjnOS1/4cc9a8ca-6edf-4914-a69e-78e845899b7c.png
013380,"FOURNIER, EVAN",https://media-cdn.cortextech.io/1dU3kpCqReRp93/1BSdBWIjCjnONy/8294e767-cda1-4ff8-baf4-92ecdd9a919d.png
001288,"LUCIC, VLADIMIR",https://media-cdn.cortextech.io/1dU3kpCqReRp93/1BSdBWIjCjnONy/97200fba-aa27-4309-bc62-88c7a1688fa1.png
008855,"WALKUP, THOMAS",https://media-cdn.cortextech.io/1dU3kpCqReRp93/1BSdBWIjCjnONy/6b597c1d-5917-47f4-84ea-e4a857dc4555.png
002849,"MELLI, NICOLO",https://media-cdn.cortextech.io/1dU3kpCqReRp93/1BSdBWIjCjnONy/fbee5e3e-f8f5-4393-827b-4a3ddefeaa88.png
013403,"WALKER IV, LONNIE",https://media-cdn.cortextech.io/596dc864-a996-4d21-8131-ea85deb006b7.png
011199,"NEBO, JOSH",https://media-cdn.cortextech.io/1dU3kpCqReRp93/1BSdBWIjCjnONz/be29a3c4-23df-47f2-9600-a69b977d1492.png
009005,"DECK, GABRIEL",https://media-cdn.cortextech.io/1dU3kpCqReRp93/1BSdBWIjCjnONy/4f3c13be-3d8d-4479-a430-26600d2aaf76.png
000925,"VESELY, JAN",https://media-cdn.cortextech.io/7dff7151-19e6-44b3-ab0c-214861899ad0.png
013667,"FERNANDO, BRUNO",https://media-cdn.cortextech.io/1dU3kpCqReRp93/1BSdBWIjCjnONz/fc41fa87-3375-43b6-9a1d-f3778bc9f371.png
008829,"PETERS, ALEC",https://media-cdn.cortextech.io/1dU3kpCqReRp93/1BSdBWIjCjnONy/246ecdad-02e8-4cd5-8fe2-4d2cc3a57d3d.png
009754,"LOYD, JORDAN",https://media-cdn.cortextech.io/1dU3kpCqReRp93/1BSdBWIjCjnONz/e404b8ed-9a3b-480e-8b3f-ce49905188b5.png
014027,"DIAKITE, MAMADI",https://media-cdn.cortextech.io/1dU3kpCqReRp93/1BSdBWIjCjnONy/56f6929b-4dc8-4b27-8241-52186ffe2f52.png
014127,"BRISSETT, O'SHAE J",https://media-cdn.cortextech.io/1dU3kpCqReRp93/1BSdBWIjCjnOS3/a5a60d09-ef95-4264-86a0-a558d353ef58.png
014013,"WATSON, GLYNN",https://media-cdn.cortextech.io/1dU3kpCqReRp93/1BSdBWIjCjnOS5/1f10e4e3-d4b0-400a-b769-29a7db572467.png
007527,"BADIO, BRANCOU",https://media-cdn.cortextech.io/1dU3kpCqReRp93/1BSdBWIjCjnONz/b1cbb8a2-0a79-41ff-ad4b-1f1b1feeb615.png
004004,"GUDURIC, MARKO",https://media-cdn.cortextech.io/1dU3kpCqReRp93/1BSdBWIjCjnONy/afc60d0e-cb89-47a5-969c-95d4c14d883b.png
013367,"FORREST, TRENT",https://media-cdn.cortextech.io/1dU3kpCqReRp93/1BSdBWIjCjnONy/ecddbfd3-de63-4853-8edd-e177eb099698.png
000796,"MIROTIC, NIKOLA",https://media-cdn.cortextech.io/1dU3kpCqReRp93/1BSdBWIjCjnOS3/462f95d2-206b-4f18-ab15-75db265d6953.png
011987,"EDWARDS, CARSEN",https://media-cdn.cortextech.io/1dU3kpCqReRp93/1BSdBWIjCjnONz/bbb31a52-7c6a-4536-9039-9899b5c0f4f8.png
013384,"BROOKS, ARMONI",https://media-cdn.cortextech.io/1dU3kpCqReRp93/1BSdBWIjCjnONy/5d219537-9bfc-443e-a3a7-cb8cb997c849.png
002100,"DE COLO, NANDO",https://media-cdn.cortextech.io/768e4710-28ed-4e85-b513-3b5f613b9eb2.png
011286,"BACON, DWAYNE",https://media-cdn.cortextech.io/1dU3kpCqReRp93/1BSdBWIjCjnONy/849bf907-264a-4094-b7ea-00d3f048eecb.png
002939,"SATORANSKY, TOMAS",https://media-cdn.cortextech.io/1dU3kpCqReRp93/1BSdBWIjCjnOS3/d69e270c-f55c-4c4f-a3aa-c9dbf4752d3a.png
012593,"ELLIS, QUINN",https://media-cdn.cortextech.io/52c3b65f-2faf-4727-9931-a53b8607a412.png
010391,"WEILER-BABB, NICK",https://media-cdn.cortextech.io/1dU3kpCqReRp93/1BSdBWIjCjnOS3/0954bf55-4ff8-4a05-986c-2e60f628276d.png
012720,"BROWN, STERLING",https://media-cdn.cortextech.io/1dU3kpCqReRp93/1BSdBWIjCjnONz/d3819345-099e-4a06-8c2a-399d94b9766e.png
012710,"OSMANI, ERCAN",https://media-cdn.cortextech.io/1dU3kpCqReRp93/1BSdBWIjCjnONz/c729041d-5c0b-41be-8118-be3d6ac73cb0.png
010393,"PRADILLA, JAIME",https://media-cdn.cortextech.io/1dU3kpCqReRp93/1BSdBWIjCjnONy/b0854c40-4237-4e52-abd4-e3a4e485284f.png
012687,"NIANG, SALIOU",https://media-cdn.cortextech.io/47b8b387-3dc3-4bd2-8df8-fc983bb1ea94.png
012585,"MORGAN, MATTHEW",https://media-cdn.cortextech.io/1dU3kpCqReRp93/1BSdBWIjCjnOS8/e37ab586-5fff-4427-a522-c73ccad35a11.png
004508,"OBST, ANDREAS",https://media-cdn.cortextech.io/1dU3kpCqReRp93/1BSdBWIjCjnONy/735bad25-9548-4914-ab3b-81729ee9d61c.png
007027,"MALEDON, THEO",https://media-cdn.cortextech.io/1dU3kpCqReRp93/1BSdBWIjCjnONy/e8d4ca4d-ec7c-4c52-a066-a418b3560d55.png
013402,"BLAKENEY, ANTONIO",https://media-cdn.cortextech.io/1dU3kpCqReRp93/1BSdBWIjCjnOS3/106944f7-27db-4406-ac08-ed59628d5191.png
011981,"JONES, TYRIQUE",https://media-cdn.cortextech.io/1dU3kpCqReRp93/1BSdBWIjCjnONy/d4eeb2e8-2276-4d18-8ba5-1c4a7cbd6bc7.png
011078,"THOMPSON, DARIUS",https://media-cdn.cortextech.io/1dU3kpCqReRp93/1BSdBWIjCjnONy/cd27e6f7-5e0b-45ac-a3e9-6f2c60adb886.png
011196,"HALL, DONTA",https://media-cdn.cortextech.io/1dU3kpCqReRp93/1BSdBWIjCjnONy/ad2ae42b-2dcc-45ef-8b68-58484364d4af.png
007831,"SHIELDS, SHAVON",https://media-cdn.cortextech.io/1dU3kpCqReRp93/1BSdBWIjCjnONy/696f7e80-c1c7-41d6-a64c-c187bdd6ed4d.png
002580,"MICIC, VASILIJE",https://media-cdn.cortextech.io/1dU3kpCqReRp93/1BSdBWIjCjnOS3/cccc5974-56b3-4e34-9b5e-7b0a2f1f344f.png
008987,"LEDAY, ZACH",https://media-cdn.cortextech.io/1dU3kpCqReRp93/1BSdBWIjCjnOS3/637ca732-ad9c-44e2-97b6-37ac6f19deda.png
011231,"BLOSSOMGAME, JARON",https://media-cdn.cortextech.io/1dU3kpCqReRp93/1BSdBWIjCjnONy/fd29e0ea-12f6-4c03-947e-3f72b48e0db3.png
004132,"THEIS, DANIEL",https://media-cdn.cortextech.io/1dU3kpCqReRp93/1BSdBWIjCjnOS3/18a7b04c-9b8b-4999-a57f-936ac7384a4d.png
008099,"STRAZEL, MATTHEW",https://media-cdn.cortextech.io/1dU3kpCqReRp93/1BSdBWIjCjnONz/d299652d-429d-4226-89d6-8286c61c0533.png
001926,"SLOUKAS, KOSTAS",https://media-cdn.cortextech.io/1dU3kpCqReRp93/1BSdBWIjCjnONz/f366b944-dbc4-4b06-984d-c6cad9800321.png
012738,"REUVERS, NATHAN",https://media-cdn.cortextech.io/1dU3kpCqReRp93/1BSdBWIjCjnONy/8a3e5dbd-9539-4d4e-96f9-dc0c78f20665.png
004888,"CLYBURN, WILL",https://media-cdn.cortextech.io/1dU3kpCqReRp93/1BSdBWIjCjnONy/62a8ca97-d805-4218-adc6-26d09c7d9daa.png
011212,"OKOBO, ELIE",https://media-cdn.cortextech.io/1dU3kpCqReRp93/1BSdBWIjCjnONy/a55f9e28-d54a-439e-9333-6a685dd7d798.png
010568,"JONES, CHRIS",https://media-cdn.cortextech.io/1dU3kpCqReRp93/1BSdBWIjCjnONz/2c65eadb-a044-456e-ba03-db9c4790c25d.png
004088,"OSMAN, CEDI",https://media-cdn.cortextech.io/1dU3kpCqReRp93/1BSdBWIjCjnOO0/73edf161-e304-4cb9-b37b-44cddefb6a27.png
009862,"PUNTER, KEVIN",https://media-cdn.cortextech.io/1dU3kpCqReRp93/1BSdBWIjCjnONz/675c5bac-7d19-44f6-944d-3c7373e09f3d.png
014008,"ROBINSON, JUSTIN",https://media-cdn.cortextech.io/1dU3kpCqReRp93/1BSdBWIjCjnONz/d326f31e-8ffc-40bb-8d8f-ad41f16d794e.png
001133,"SHENGELIA, TORNIKE",https://media-cdn.cortextech.io/1dU3kpCqReRp93/1BSdBWIjCjnONy/4cb07e90-2192-4e12-9b9d-5fb1b565699e.png
008192,"TUBELIS, AZUOLAS",https://media-cdn.cortextech.io/1dU3kpCqReRp93/1BSdBWIjCjnONz/0f86bd76-5ed2-47f4-b8ef-0bc5a88238d8.png
011219,"SORKIN, ROMAN",https://media-cdn.cortextech.io/1dU3kpCqReRp93/1BSdBWIjCjnOS3/c056fe88-30e4-4adf-81b8-5817e9132d13.png
013363,"NWORA, JORDAN",https://media-cdn.cortextech.io/1dU3kpCqReRp93/1BSdBWIjCjnONz/9398d5d9-12c5-4b31-8cd6-5a8ab6e253fb.png
012712,"HERNANGOMEZ, JUANCHO",https://media-cdn.cortextech.io/1dU3kpCqReRp93/1BSdBWIjCjnONz/9eb6f2b2-d265-4965-88bb-8ce2269e00ff.png
011217,"TAYLOR, KAMERON",https://media-cdn.cortextech.io/1dU3kpCqReRp93/1BSdBWIjCjnONy/3b0e8ccd-7ede-4942-9275-87284f367e54.png
006760,"BONGA, ISAAC",https://media-cdn.cortextech.io/1dU3kpCqReRp93/1BSdBWIjCjnONz/7a8c7109-5192-4ff2-aa92-51bbaf656f60.png
003108,"HEZONJA, MARIO",https://media-cdn.cortextech.io/c415b3ab-6a2d-4ff4-8504-5119fca3c9f6.png
006835,"HOARD, JAYLEN",https://media-cdn.cortextech.io/1dU3kpCqReRp93/1BSdBWIjCjnOS3/f984c4c4-4a29-4483-8f55-b6bb6bb0e2a0.png
011226,"DIALLO, ALPHA",https://media-cdn.cortextech.io/62623d1f-4407-49ac-a0a8-5924cc103e8a.png
012774,"NUNN, KENDRICK",https://media-cdn.cortextech.io/1dU3kpCqReRp93/1BSdBWIjCjnOS1/d913fc4c-1568-43ac-a589-7087cf2f068c.png
011194,"PETRUSEV, FILIP",https://media-cdn.cortextech.io/1dU3kpCqReRp93/1BSdBWIjCjnONy/12d855f3-30b7-4c5c-8078-91fe394bd701.png
009048,"MILLER-MCINTYRE, CODI",https://media-cdn.cortextech.io/1dU3kpCqReRp93/1BSdBWIjCjnONy/b98b2f04-52a1-4c10-8f29-396df546162b.png
009849,"DORSEY, TYLER",https://media-cdn.cortextech.io/1dU3kpCqReRp93/1BSdBWIjCjnONy/6faa6ab7-bfe2-4651-b381-c61e9da117fb.png
012080,"LUWAWU-CABARROT, TIMOTHE",https://media-cdn.cortextech.io/1dU3kpCqReRp93/1BSdBWIjCjnONy/894b61b0-9ef5-4796-889d-6cf29eaede45.png
014124,"HORTON TUCKER, TALEN",https://media-cdn.cortextech.io/1dU3kpCqReRp93/1BSdBWIjCjnONy/4c8a9b8b-d490-490a-839f-507390c765c4.png
012606,"WRIGHT IV, MCKINLEY",https://media-cdn.cortextech.io/1dU3kpCqReRp93/1BSdBWIjCjnONy/ed6dcc8c-2978-4685-aaf8-de47979d3440.png
005791,"TAVARES, WALTER",https://media-cdn.cortextech.io/1dU3kpCqReRp93/1BSdBWIjCjnONy/741a7c56-5df6-4b34-a1b5-7dc4c49cc98d.png
012796,"KABENGELE, MFIONDU",https://media-cdn.cortextech.io/1dU3kpCqReRp93/1BSdBWIjCjnONy/c758af2a-bc8d-4e9a-ac62-362597904633.png
014117,"LYLES, TREY",https://media-cdn.cortextech.io/934e8573-ed4a-4319-872f-e2975479c9f7.png
005928,"CAMPAZZO, FACUNDO",https://media-cdn.cortextech.io/1dU3kpCqReRp93/1BSdBWIjCjnONy/76403e82-85ef-455e-a8d9-1ed4d2858efe.png
012201,"MONEKE, CHIMA",https://media-cdn.cortextech.io/1dU3kpCqReRp93/1BSdBWIjCjnONz/08270e7f-2a17-43ae-a234-5b83ebc80a63.png
012640,"HIFI, NADIR",https://media-cdn.cortextech.io/1dU3kpCqReRp93/1BSdBWIjCjnONz/c4dc8064-fc52-451a-b27c-0aa9ec164948.png
010042,"MONTERO, JEAN",https://media-cdn.cortextech.io/1dU3kpCqReRp93/1BSdBWIjCjnONy/a67a26a1-5ce5-4dad-801b-a2ca76c83d72.png
009863,"BALDWIN IV, WADE",https://media-cdn.cortextech.io/1dU3kpCqReRp93/1BSdBWIjCjnONy/43d87c83-f7d6-4748-bb4b-cb59f5875ee4.png
012788,"OTURU, DAN",https://media-cdn.cortextech.io/1dU3kpCqReRp93/1BSdBWIjCjnOO0/4f6f71f3-8978-49e7-9c3f-313c81ae0339.png
012878,"WRIGHT, MOSES",https://media-cdn.cortextech.io/1dU3kpCqReRp93/1BSdBWIjCjnONy/44aa0f82-0341-41b1-97e4-e1ff901f8578.png
005985,"JAMES, MIKE",https://media-cdn.cortextech.io/1dU3kpCqReRp93/1BSdBWIjCjnONz/286b3dbb-72aa-4f86-aa59-d254a86448c5.png
009846,"BRYANT, ELIJAH",https://media-cdn.cortextech.io/1dU3kpCqReRp93/1BSdBWIjCjnOS3/059c5027-93b7-4bad-8924-26c9e4819a84.png
003941,"MILUTINOV, NIKOLA",https://media-cdn.cortextech.io/1dU3kpCqReRp93/1BSdBWIjCjnONy/8a5ab349-9cac-4572-b214-a99e48788920.png
007975,"FRANCISCO, SYLVAIN",https://media-cdn.cortextech.io/1dU3kpCqReRp93/1BSdBWIjCjnOS1/e5467e2c-9009-4189-8e8b-35d8347f5b54.png
003469,"VEZENKOV, SASHA",https://media-cdn.cortextech.io/1dU3kpCqReRp93/1BSdBWIjCjnONy/f65c52c5-542f-4796-8dc6-b46cc9a6f3d5.png
014785,"JEFFRIES, DAQUAN",https://media-cdn.cortextech.io/1dU3kpCqReRp93/1BSdBWIjCjnONy/5ac70ca2-f381-409d-9e82-71b78112a0d2.png
015085,"WALLACE, KEATON",https://media-cdn.cortextech.io/1dU3kpCqReRp93/1BSdBWIjCjnOS3/e02ac33d-71ab-48ad-a3f9-b80df4096093.png
015165,"WATERS, TREMONT",https://media-cdn.cortextech.io/1dU3kpCqReRp93/1BSdBWIjCjnOS3/d6e1e61f-236c-478e-920b-0df1f3779bbb.png
014742,"THOMPSON, ETHAN",https://media-cdn.cortextech.io/1dU3kpCqReRp93/1BSdBWIjCjnONz/2fadad36-f7fa-4856-92c2-60493c034f06.png
008912,"CARRINGTON, KHADEEN",https://media-cdn.cortextech.io/8ec49f21-136c-4a4f-82bf-f8de4d20dfa7.png
014740,"CORBALAN, GONZALO",https://media-cdn.cortextech.io/1dU3kpCqReRp93/1BSdBWIjCjnONy/e1024451-a3cf-48a3-bf0f-192016801e03.png
014802,"BELLO, RASHEED",https://media-cdn.cortextech.io/1dU3kpCqReRp93/1BSdBWIjCjnONz/0cd10838-d234-40a2-869f-c7edb73fbe8b.png
014741,"CARDENAS, ALVARO",https://media-cdn.cortextech.io/1dU3kpCqReRp93/1BSdBWIjCjnONy/ea62ef7b-de8b-48f2-8965-bb1c97d1cf1e.png
013929,"COLE, RJ",https://media-cdn.cortextech.io/1dU3kpCqReRp93/1BSdBWIjCjnONy/692c8bf5-073e-4893-9597-d5dd163f54a0.png
013900,"GACH, BOTH",https://media-cdn.cortextech.io/1dU3kpCqReRp93/1BSdBWIjCjnOS3/baa64b06-2320-4ee7-8a5c-2eac569b87c1.png
015138,"MARTIN, TYRESE",https://media-cdn.cortextech.io/1dU3kpCqReRp93/1BSdBWIjCjnONz/df36712f-78ef-48d7-b1b8-a28fab2554ba.png
008186,"BLAZEVIC, MAREK",https://media-cdn.cortextech.io/1dU3kpCqReRp93/1BSdBWIjCjnONz/656d0f39-73fb-44a9-8890-1284d8d8489d.png
009025,"BROWN, ANTHONY",https://media-cdn.cortextech.io/1dU3kpCqReRp93/1BSdBWIjCjnONy/6fadd0a7-fdbd-4e56-9a1c-75ba0c800f3c.png
015160,"JOHNSON, ALIZE",https://media-cdn.cortextech.io/1dU3kpCqReRp93/1BSdBWIjCjnONz/57f5ff79-5f3f-422a-bc74-9f3eafe1a8a7.png
014783,"MATHEWS, GARRISON",https://media-cdn.cortextech.io/1dU3kpCqReRp93/1BSdBWIjCjnONy/b7bc8ef7-ab26-4867-93e7-843ba2207c2f.png
015142,"MINAYA, JUSTIN",https://media-cdn.cortextech.io/1dU3kpCqReRp93/1BSdBWIjCjnONz/cf6fbd14-c61e-4bb1-bdc6-0f0dd3e6f6e4.png
014731,"MINTZ, DAVION",https://media-cdn.cortextech.io/1dU3kpCqReRp93/1BSdBWIjCjnONy/0fba911a-e753-4cb6-93d4-cf62eacc203b.png
005368,"YUSTA, SANTI",https://media-cdn.cortextech.io/1dU3kpCqReRp93/1BSdBWIjCjnONz/9bdd2088-7719-4be5-a88d-99d2dc6aaed2.png
015152,"GERMAN, EUGENE",https://media-cdn.cortextech.io/1dU3kpCqReRp93/1BSdBWIjCjnOS3/8ff2e8e8-b816-4921-9b41-a26a73eb05eb.png
010726,"JENSEN, TOBIAS",https://media-cdn.cortextech.io/1dU3kpCqReRp93/1BSdBWIjCjnONy/12c30d98-fd4e-4849-a6c5-425a19a3c546.png
014733,"JUZANG, JOHNNY",https://media-cdn.cortextech.io/1dU3kpCqReRp93/1BSdBWIjCjnONy/90da7925-81a4-4189-9e67-6a3f1f2d82e9.png
013943,"RUSSELL, DARON",https://media-cdn.cortextech.io/1dU3kpCqReRp93/1BSdBWIjCjnONz/bcca0fec-d463-42c1-942e-4d32eaebec50.png
003783,"UGURLU, BERK",https://media-cdn.cortextech.io/1dU3kpCqReRp93/1BSdBWIjCjnONy/77ba51f1-2dd6-440d-b07f-8a4d28890f85.png
015164,"BESSON, HUGO",https://media-cdn.cortextech.io/1dU3kpCqReRp93/1BSdBWIjCjnOS3/600b9dfa-df21-4159-99e3-b95e4bd180f7.png
006833,"SARR, OLIVIER",https://media-cdn.cortextech.io/1dU3kpCqReRp93/1BSdBWIjCjnONy/4ce1c127-0650-4687-a09a-703c5f241e7b.png
006707,"BALDASSO, TOMMASO",https://media-cdn.cortextech.io/1dU3kpCqReRp93/1BSdBWIjCjnONz/3e053ce0-5004-4a46-bce2-367a572df87d.png
011706,"SAINT-SUPERY, MARIO",https://media-cdn.cortextech.io/1dU3kpCqReRp93/1BSdBWIjCjnONy/444fcffe-f94d-4843-bdb7-801ba2b9b2cc.png
015103,"JONES, DAMIAN",https://media-cdn.cortextech.io/1dU3kpCqReRp93/1BSdBWIjCjnONy/2e235779-28c6-4d92-a693-6e822a8eb27e.png
015140,"NKAMHOUA, OLIVIER",https://media-cdn.cortextech.io/1dU3kpCqReRp93/1BSdBWIjCjnONz/8361d06b-f258-4f93-8c46-f64ef63f0c4f.png
015244,"SMITH JR, NICK",
006832,"PONS, YVES",https://media-cdn.cortextech.io/1dU3kpCqReRp93/1BSdBWIjCjnOS3/0620101a-be18-44b4-b152-63a5ca49cd74.png
013278,"WILEY, AUSTIN",https://media-cdn.cortextech.io/1dU3kpCqReRp93/1BSdBWIjCjnONy/4fc56322-07ca-494a-8604-ac233c35cf4c.png
014736,"BAUGH, DAMION",https://media-cdn.cortextech.io/1dU3kpCqReRp93/1BSdBWIjCjnONy/b1eb5eea-4457-4ba1-a5c0-4b3c68ce4f48.png
014782,"BURNELL, JASON",https://media-cdn.cortextech.io/1dU3kpCqReRp93/1BSdBWIjCjnONy/6fd162c7-1372-4d9e-ad83-f8f0f77816b4.png
013285,"DOTSON, DEVON",https://media-cdn.cortextech.io/1dU3kpCqReRp93/1BSdBWIjCjnONy/72093b12-8294-4e00-9a8a-aec2692d2c9b.png
014738,"KLINTMAN, BO",https://media-cdn.cortextech.io/1dU3kpCqReRp93/1BSdBWIjCjnONz/d0274316-1129-4094-87d7-1d434e9badd3.png
008084,"MANTZOUKAS, ELEFTHERIOS",https://media-cdn.cortextech.io/1dU3kpCqReRp93/1BSdBWIjCjnONz/7800be8a-37bf-41af-88c2-3b9bc954454d.png
009680,"MORGAN, CONOR",https://media-cdn.cortextech.io/1dU3kpCqReRp93/1BSdBWIjCjnONy/82716e49-3b79-4d6e-a9e1-909f5e456a12.png
014786,"NOWELL, JAYLEN",https://media-cdn.cortextech.io/1dU3kpCqReRp93/1BSdBWIjCjnONy/d95bb7c0-778e-4971-8c37-0b346e9017ec.png
010357,"YABUSELE, GUERSCHON",https://media-cdn.cortextech.io/1dU3kpCqReRp93/1BSdBWIjCjnONz/8cff617e-e2d9-4588-af8b-8d1360a1e307.png
014732,"BEAUCHAMP, MARJON",https://media-cdn.cortextech.io/1dU3kpCqReRp93/1BSdBWIjCjnONy/7b8d3aed-53c1-4122-8acb-35ea464443e5.png
014735,"DUARTE, CHRIS",https://media-cdn.cortextech.io/1dU3kpCqReRp93/1BSdBWIjCjnONy/c7dd4e15-a679-4f8e-8891-168c6aef086f.png
015151,"TOPPIN, JACOB",https://media-cdn.cortextech.io/1dU3kpCqReRp93/1BSdBWIjCjnOS3/ab75cdba-6b5b-4813-9777-cb7499db4341.png
013506,"BINGHAM, MARCUS",https://media-cdn.cortextech.io/1dU3kpCqReRp93/1BSdBWIjCjnONy/cb32aed4-5c13-4bb6-97b2-b7f61dc47971.png
012707,"CARR, MARCUS",https://media-cdn.cortextech.io/1dU3kpCqReRp93/1BSdBWIjCjnONz/3c9492d7-56e9-4a4e-9d49-8d6c7c20b2c7.png
015143,"ETIENNE, TYSON",https://media-cdn.cortextech.io/1dU3kpCqReRp93/1BSdBWIjCjnONz/6ac06b8d-b588-4bcd-8bbe-8b06198c7ff5.png
011924,"ALLMAN, KYLE",https://media-cdn.cortextech.io/1dU3kpCqReRp93/1BSdBWIjCjnONz/48a32899-b6b5-4dae-b435-52397b480cf3.png
012700,"STEWART, DJ",https://media-cdn.cortextech.io/1dU3kpCqReRp93/1BSdBWIjCjnONy/3227ae52-09cc-4723-a410-4cc76c99a30b.png
015161,"FODZO DADA, MARC-OWEN",https://media-cdn.cortextech.io/1dU3kpCqReRp93/1BSdBWIjCjnOS3/d613be61-305f-4b48-9c51-5fc31e1011d6.png
015029,"FRAZIER, TRENT",https://media-cdn.cortextech.io/1dU3kpCqReRp93/1BSdBWIjCjnONz/b8414f77-acc5-4101-bec2-522b8eca7002.png
015163,"MILLS, PATTY",https://media-cdn.cortextech.io/1dU3kpCqReRp93/1BSdBWIjCjnOS3/5ba43974-6f81-4a02-8adb-ee2fa6b5ea74.png
006896,"SARGIUNAS, IGNAS",https://media-cdn.cortextech.io/1dU3kpCqReRp93/1BSdBWIjCjnONy/61f0148f-2f1f-4fc2-885c-c26b959001a5.png
015139,"UMUDE, STANLEY",https://media-cdn.cortextech.io/1dU3kpCqReRp93/1BSdBWIjCjnONz/b8113804-254a-4e2c-a6b8-08cc6f2d4393.png
015168,"WARREN, TJ",https://media-cdn.cortextech.io/1dU3kpCqReRp93/1BSdBWIjCjnONz/2cbebf40-51a9-4b7f-8663-47130a0f2364.png
014737,"MOORE, WENDELL",https://media-cdn.cortextech.io/1dU3kpCqReRp93/1BSdBWIjCjnONz/2d92fbef-34d7-4af0-8786-eda390ffbb6a.png
005637,"TANASKOVIC, NIKOLA",https://media-cdn.cortextech.io/1dU3kpCqReRp93/1BSdBWIjCjnONz/006c0b2b-dc89-4472-b380-42b164584efd.png
015166,"CROWDER, JAE",https://media-cdn.cortextech.io/1dU3kpCqReRp93/1BSdBWIjCjnOS3/40639706-c3c2-478d-9d64-e0e5f20ab561.png
013855,"GIBSON, UMOJA",https://media-cdn.cortextech.io/1dU3kpCqReRp93/1BSdBWIjCjnONz/953aae61-f795-4df6-b558-ea91b4f9d7e5.png
007553,"BALCEROWSKI, OLEK",https://media-cdn.cortextech.io/1dU3kpCqReRp93/1BSdBWIjCjnONz/98c4a713-a23c-48ab-9b5f-a85e335713e6.png
014734,"LAWSON, A.J.",https://media-cdn.cortextech.io/1dU3kpCqReRp93/1BSdBWIjCjnONy/a9426b8e-4e4a-4d16-ae5c-c14540a8f11f.png
003958,"THIEMANN, JOHANNES",https://media-cdn.cortextech.io/1dU3kpCqReRp93/1BSdBWIjCjnONy/433d3d49-72bc-4d2e-b2e4-7e0af18677d6.png
003112,"SARIC, DARIO",https://media-cdn.cortextech.io/1dU3kpCqReRp93/1BSdBWIjCjnONz/afdb2e3e-694e-44f2-a8d9-d97aa89dd86e.png
000898,"VALANCIUNAS, JONAS",https://media-cdn.cortextech.io/1dU3kpCqReRp93/1BSdBWIjCjnOS3/45d32050-e6bf-4010-87fb-238db1c6b9ca.png
