PlayerCode,PlayerName,TeamCode,TeamName,TeamImageUrl,Dorsal,Position,LastTeam,StartDate
015164,"BESSON, HUGO",ASV,LDLC ASVEL Villeurbanne,https://media-cdn.incrowdsports.com/e33c6d1a-95ca-4dbc-b8cb-0201812104cc.png,25,Guard,TOFAS SK,2026-09-21T07:50:17.959
009035,"BOLOMBOY, JOEL",ASV,LDLC ASVEL Villeurbanne,https://media-cdn.incrowdsports.com/e33c6d1a-95ca-4dbc-b8cb-0201812104cc.png,21,Center,RED STAR,2026-09-21T07:50:17.4
013269,"CALE, MYLES",ASV,LDLC ASVEL Villeurbanne,https://media-cdn.incrowdsports.com/e33c6d1a-95ca-4dbc-b8cb-0201812104cc.png,0,Forward,FC BARCELONE,2026-09-21T07:50:14.494
015166,"CROWDER, JAE",ASV,LDLC ASVEL Villeurbanne,https://media-cdn.incrowdsports.com/e33c6d1a-95ca-4dbc-b8cb-0201812104cc.png,99,Forward,VAQUEROS DE BAYAMON,2026-09-21T07:50:19.333
007483,"DOSSOU-YOVO, MATHIS",ASV,LDLC ASVEL Villeurbanne,https://media-cdn.incrowdsports.com/e33c6d1a-95ca-4dbc-b8cb-0201812104cc.png,12,Center,NANTERRE,2026-09-21T07:50:16.56
015161,"FODZO DADA, MARC-OWEN",ASV,LDLC ASVEL Villeurbanne,https://media-cdn.incrowdsports.com/e33c6d1a-95ca-4dbc-b8cb-0201812104cc.png,1,Guard,NANCY,2026-09-21T07:50:14.785
013900,"GACH, BOTH",ASV,LDLC ASVEL Villeurbanne,https://media-cdn.incrowdsports.com/e33c6d1a-95ca-4dbc-b8cb-0201812104cc.png,14,Forward,JL BOURG,2026-09-21T07:50:17.002
000229,"JACKSON, EDWIN",ASV,LDLC ASVEL Villeurbanne,https://media-cdn.incrowdsports.com/e33c6d1a-95ca-4dbc-b8cb-0201812104cc.png,11,Forward,LDLC ASVEL,2026-09-21T07:50:16.297
003526,"LIGHTY, DAVID",ASV,LDLC ASVEL Villeurbanne,https://media-cdn.incrowdsports.com/e33c6d1a-95ca-4dbc-b8cb-0201812104cc.png,23,Forward,LASC ASVEL,2026-09-21T07:50:17.642
012618,"MASSA, BODIAN",ASV,LDLC ASVEL Villeurbanne,https://media-cdn.incrowdsports.com/e33c6d1a-95ca-4dbc-b8cb-0201812104cc.png,10,Forward,ASVEL BASKET,2026-08-12T07:58:14.386
015163,"MILLS, PATTY",ASV,LDLC ASVEL Villeurbanne,https://media-cdn.incrowdsports.com/e33c6d1a-95ca-4dbc-b8cb-0201812104cc.png,8,Guard,TENERIF,2026-09-21T07:50:15.473
006832,"PONS, YVES",ASV,LDLC ASVEL Villeurbanne,https://media-cdn.incrowdsports.com/e33c6d1a-95ca-4dbc-b8cb-0201812104cc.png,35,Forward,BC ANDORRA,2026-09-21T07:50:18.277
011980,"SESTINA, NATHAN",ASV,LDLC ASVEL Villeurbanne,https://media-cdn.incrowdsports.com/e33c6d1a-95ca-4dbc-b8cb-0201812104cc.png,77,Forward,OLIMPIA MILAN,2026-09-21T07:50:19.041
015162,"WASHINGTON JR, TYTY",ASV,LDLC ASVEL Villeurbanne,https://media-cdn.incrowdsports.com/e33c6d1a-95ca-4dbc-b8cb-0201812104cc.png,3,Guard,SAN DIEGO CLIPPERS,2026-09-21T07:50:15.106
015165,"WATERS, TREMONT",ASV,LDLC ASVEL Villeurbanne,https://media-cdn.incrowdsports.com/e33c6d1a-95ca-4dbc-b8cb-0201812104cc.png,51,Guard,GIGANTES DE CAROLINA,2026-09-21T07:50:18.712
007553,"BALCEROWSKI, OLEK",BAR,FC Barcelona,https://media-cdn.incrowdsports.com/35dfa503-e417-481f-963a-bdf6f013763e.png,22,Center,UNICAJA MALAGA,2026-09-17T07:30:12.139
009992,"BRIZUELA, DARIO",BAR,FC Barcelona,https://media-cdn.incrowdsports.com/35dfa503-e417-481f-963a-bdf6f013763e.png,8,Guard,FC BARCELONA,2026-08-12T07:43:58.492
015141,"EVBUOMWAN, TOSAN",BAR,FC Barcelona,https://media-cdn.incrowdsports.com/35dfa503-e417-481f-963a-bdf6f013763e.png,20,Forward,CHARLOTTE HORNETS,2026-09-17T07:30:11.865
013855,"GIBSON, UMOJA",BAR,FC Barcelona,https://media-cdn.incrowdsports.com/35dfa503-e417-481f-963a-bdf6f013763e.png,1,Guard,CEDEVITA OLIMPIJA,2026-09-17T07:30:09.851
012879,"KONE, ABDU",BAR,FC Barcelona,https://media-cdn.incrowdsports.com/35dfa503-e417-481f-963a-bdf6f013763e.png,41,Center,FC BARCELONA,2026-09-24T07:13:25.53
011935,"MAKOUNDOU, YOAN",BAR,FC Barcelona,https://media-cdn.incrowdsports.com/35dfa503-e417-481f-963a-bdf6f013763e.png,55,Center,AS MONACO,2026-09-17T07:30:13.142
015138,"MARTIN, TYRESE",BAR,FC Barcelona,https://media-cdn.incrowdsports.com/35dfa503-e417-481f-963a-bdf6f013763e.png,2,Forward,PHILADELPHIA 76ERS,2026-09-17T07:30:10.282
015142,"MINAYA, JUSTIN",BAR,FC Barcelona,https://media-cdn.incrowdsports.com/35dfa503-e417-481f-963a-bdf6f013763e.png,24,Guard,OSCEOLA MAGIC,2026-09-17T07:30:12.455
011199,"NEBO, JOSH",BAR,FC Barcelona,https://media-cdn.incrowdsports.com/35dfa503-e417-481f-963a-bdf6f013763e.png,32,Center,OLIMPIA MILANO,2026-09-17T07:30:12.789
015140,"NKAMHOUA, OLIVIER",BAR,FC Barcelona,https://media-cdn.incrowdsports.com/35dfa503-e417-481f-963a-bdf6f013763e.png,13,Forward,PALLACANESTRO VARESE,2026-09-17T07:30:11.55
010106,"NUNEZ, JUAN",BAR,FC Barcelona,https://media-cdn.incrowdsports.com/35dfa503-e417-481f-963a-bdf6f013763e.png,17,Guard,FC BARCELONA,2026-08-12T07:43:58.718
007464,"PARRA, JOEL",BAR,FC Barcelona,https://media-cdn.incrowdsports.com/35dfa503-e417-481f-963a-bdf6f013763e.png,44,Forward,FC BARCELONA,2026-08-12T07:43:59.411
009862,"PUNTER, KEVIN",BAR,FC Barcelona,https://media-cdn.incrowdsports.com/35dfa503-e417-481f-963a-bdf6f013763e.png,0,Guard,FC BARCELONA,2026-08-12T07:43:58.057
014008,"ROBINSON, JUSTIN",BAR,FC Barcelona,https://media-cdn.incrowdsports.com/35dfa503-e417-481f-963a-bdf6f013763e.png,5,Guard,PARIS BASKETBALL,2026-09-17T07:30:10.996
010062,"UBAL, AGUSTIN",BAR,FC Barcelona,https://media-cdn.incrowdsports.com/35dfa503-e417-481f-963a-bdf6f013763e.png,10,Guard,BASQUET MANRESA,2026-09-17T07:30:11.308
015139,"UMUDE, STANLEY",BAR,FC Barcelona,https://media-cdn.incrowdsports.com/35dfa503-e417-481f-963a-bdf6f013763e.png,3,Forward,SAN ANTONIO SPURS,2026-09-17T07:30:10.675
014506,"ALVES DE SOUZA, THIERRY HENRY",BAS,Kosner Baskonia Vitoria-Gasteiz,https://media-cdn.cortextech.io/cbc49cb0-99ce-4462-bdb7-56983ee03cf4.png,16,Center,SASKI BASKONIA,2026-09-09T14:30:27.568
014736,"BAUGH, DAMION",BAS,Kosner Baskonia Vitoria-Gasteiz,https://media-cdn.cortextech.io/cbc49cb0-99ce-4462-bdb7-56983ee03cf4.png,12,Guard,VALLEY SUNS,2026-09-04T10:06:51.604
014735,"DUARTE, CHRIS",BAS,Kosner Baskonia Vitoria-Gasteiz,https://media-cdn.cortextech.io/cbc49cb0-99ce-4462-bdb7-56983ee03cf4.png,5,Forward,UNICAJA MALAGA,2026-09-04T10:06:51.308
011284,"FARIED, KENNETH",BAS,Kosner Baskonia Vitoria-Gasteiz,https://media-cdn.cortextech.io/cbc49cb0-99ce-4462-bdb7-56983ee03cf4.png,35,Center,CANGREJEROS DE SANTURCE,2026-09-07T11:31:35.754
014026,"FRISCH, CLEMENT",BAS,Kosner Baskonia Vitoria-Gasteiz,https://media-cdn.cortextech.io/cbc49cb0-99ce-4462-bdb7-56983ee03cf4.png,25,Forward,SASKI BASKONIA,2026-08-12T07:56:52.407
011948,"HOWARD, MARKUS",BAS,Kosner Baskonia Vitoria-Gasteiz,https://media-cdn.cortextech.io/cbc49cb0-99ce-4462-bdb7-56983ee03cf4.png,0,Guard,SASKI BASKONIA,2026-08-12T07:56:50.31
014107,"JOKSIMOVIC, STEFAN",BAS,Kosner Baskonia Vitoria-Gasteiz,https://media-cdn.cortextech.io/cbc49cb0-99ce-4462-bdb7-56983ee03cf4.png,6,Forward,SASKI BASKONIA,2026-09-09T14:28:10.086
005713,"KURUCS, RODIONS",BAS,Kosner Baskonia Vitoria-Gasteiz,https://media-cdn.cortextech.io/cbc49cb0-99ce-4462-bdb7-56983ee03cf4.png,7,Forward,SASKI BASKONIA,2026-08-12T07:56:51.203
014734,"LAWSON, A.J.",BAS,Kosner Baskonia Vitoria-Gasteiz,https://media-cdn.cortextech.io/cbc49cb0-99ce-4462-bdb7-56983ee03cf4.png,1,Forward,TORONTO RAPTORS 905,2026-09-04T10:06:50.783
007230,"SEDEKERSKIS, TADAS",BAS,Kosner Baskonia Vitoria-Gasteiz,https://media-cdn.cortextech.io/cbc49cb0-99ce-4462-bdb7-56983ee03cf4.png,8,Forward,SASKI BASKONIA,2026-08-12T07:56:51.463
014152,"SIMMONS, KOBI",BAS,Kosner Baskonia Vitoria-Gasteiz,https://media-cdn.cortextech.io/cbc49cb0-99ce-4462-bdb7-56983ee03cf4.png,2,Guard,SASKI BASKONIA,2026-09-04T10:06:51.015
014103,"SOUZA, PEDRO",BAS,Kosner Baskonia Vitoria-Gasteiz,https://media-cdn.cortextech.io/cbc49cb0-99ce-4462-bdb7-56983ee03cf4.png,11,Forward,SASKI BASKONIA,2026-09-09T14:30:27.304
008173,"SPAGNOLO, MATTEO",BAS,Kosner Baskonia Vitoria-Gasteiz,https://media-cdn.cortextech.io/cbc49cb0-99ce-4462-bdb7-56983ee03cf4.png,10,Guard,SASKI BASKONIA,2026-08-12T07:56:51.724
012700,"STEWART, DJ",BAS,Kosner Baskonia Vitoria-Gasteiz,https://media-cdn.cortextech.io/cbc49cb0-99ce-4462-bdb7-56983ee03cf4.png,3,Forward,CEDEVITA,2026-09-07T11:31:33.809
012233,"AKSU, YAGIZ",BES,Besiktas Istanbul,https://media-cdn.cortextech.io/1dU3kpCqReRp93/1BSdBWIjChWbHH/b05e3c54-e672-4b31-9f86-c91e9de7715c.png,10,Guard,BESIKTAS ISTANBUL,2026-09-15T08:41:06.798
003091,"BIRSEN, METECAN",BES,Besiktas Istanbul,https://media-cdn.cortextech.io/1dU3kpCqReRp93/1BSdBWIjChWbHH/b05e3c54-e672-4b31-9f86-c91e9de7715c.png,11,Center,FENERBAHCE BEKO,2026-09-15T08:41:07.003
009025,"BROWN, ANTHONY",BES,Besiktas Istanbul,https://media-cdn.cortextech.io/1dU3kpCqReRp93/1BSdBWIjChWbHH/b05e3c54-e672-4b31-9f86-c91e9de7715c.png,21,Forward,BESIKTAS ISTANBUL,2026-09-07T10:46:46.389
013250,"DEJULIUS, DAVID",BES,Besiktas Istanbul,https://media-cdn.cortextech.io/1dU3kpCqReRp93/1BSdBWIjChWbHH/b05e3c54-e672-4b31-9f86-c91e9de7715c.png,5,Guard,MEGA BASKET,2026-09-07T10:46:45.28
013285,"DOTSON, DEVON",BES,Besiktas Istanbul,https://media-cdn.cortextech.io/1dU3kpCqReRp93/1BSdBWIjChWbHH/b05e3c54-e672-4b31-9f86-c91e9de7715c.png,1,Guard,BESIKTAS ISTANBUL,2026-09-07T10:46:44.682
013383,"GABRIEL, WENYEN",BES,Besiktas Istanbul,https://media-cdn.cortextech.io/1dU3kpCqReRp93/1BSdBWIjChWbHH/b05e3c54-e672-4b31-9f86-c91e9de7715c.png,32,Center,FC BAYERN MUCHEN,2026-09-09T14:09:06.518
014785,"JEFFRIES, DAQUAN",BES,Besiktas Istanbul,https://media-cdn.cortextech.io/1dU3kpCqReRp93/1BSdBWIjChWbHH/b05e3c54-e672-4b31-9f86-c91e9de7715c.png,2,Forward,STOCKTON KINGS,2026-09-07T10:46:45.005
005763,"KORKMAZ, FURKAN",BES,Besiktas Istanbul,https://media-cdn.cortextech.io/1dU3kpCqReRp93/1BSdBWIjChWbHH/b05e3c54-e672-4b31-9f86-c91e9de7715c.png,30,Forward,BAHCESEHIR,2026-09-15T08:41:07.219
009680,"MORGAN, CONOR",BES,Besiktas Istanbul,https://media-cdn.cortextech.io/1dU3kpCqReRp93/1BSdBWIjChWbHH/b05e3c54-e672-4b31-9f86-c91e9de7715c.png,9,Center,BESIKTAS ISTANBUL,2026-09-07T10:46:45.54
014786,"NOWELL, JAYLEN",BES,Besiktas Istanbul,https://media-cdn.cortextech.io/1dU3kpCqReRp93/1BSdBWIjChWbHH/b05e3c54-e672-4b31-9f86-c91e9de7715c.png,24,Guard,GIGANTES DE CAROLINA,2026-09-16T05:55:48.244
014207,"OMORUYI, EUGENE",BES,Besiktas Istanbul,https://media-cdn.cortextech.io/1dU3kpCqReRp93/1BSdBWIjChWbHH/b05e3c54-e672-4b31-9f86-c91e9de7715c.png,20,Center,SASKI BASKONIA,2026-09-07T10:46:46.091
003783,"UGURLU, BERK",BES,Besiktas Istanbul,https://media-cdn.cortextech.io/1dU3kpCqReRp93/1BSdBWIjChWbHH/b05e3c54-e672-4b31-9f86-c91e9de7715c.png,6,Guard,BESIKTAS ISTANBUL,2026-09-15T08:41:06.581
006661,"WILBEKIN, SCOTTIE",BES,Besiktas Istanbul,https://media-cdn.cortextech.io/1dU3kpCqReRp93/1BSdBWIjChWbHH/b05e3c54-e672-4b31-9f86-c91e9de7715c.png,12,Guard,FENERBAHCE BEKO,2026-09-07T10:46:45.792
004554,"ZIZIC, ANTE",BES,Besiktas Istanbul,https://media-cdn.cortextech.io/1dU3kpCqReRp93/1BSdBWIjChWbHH/b05e3c54-e672-4b31-9f86-c91e9de7715c.png,41,Center,BESIKTAS ISTANBUL,2026-09-07T10:46:46.938
012795,"ANDERSON, JUSTIN",DUB,Dubai Basketball,https://media-cdn.incrowdsports.com/1efae090-16e2-4963-ae47-4b94f249c244.png,1,Forward,DUBAI BASKETBALL,2026-08-12T07:41:24.38
011286,"BACON, DWAYNE",DUB,Dubai Basketball,https://media-cdn.incrowdsports.com/1efae090-16e2-4963-ae47-4b94f249c244.png,3,Forward,DUBAI BASKETBALL,2026-08-12T07:41:23.503
003458,"BERTANS, DAVIS",DUB,Dubai Basketball,https://media-cdn.incrowdsports.com/1efae090-16e2-4963-ae47-4b94f249c244.png,8,Forward,DUBAI BASKETBALL,2026-08-12T07:41:24.153
011231,"BLOSSOMGAME, JARON",DUB,Dubai Basketball,https://media-cdn.incrowdsports.com/1efae090-16e2-4963-ae47-4b94f249c244.png,4,Forward,AS MONACO BASKET,2026-09-12T10:11:21.65
014027,"DIAKITE, MAMADI",DUB,Dubai Basketball,https://media-cdn.incrowdsports.com/1efae090-16e2-4963-ae47-4b94f249c244.png,21,Center,SASKI BASCONIA,2026-09-03T13:23:51.641
012796,"KABENGELE, MFIONDU",DUB,Dubai Basketball,https://media-cdn.incrowdsports.com/1efae090-16e2-4963-ae47-4b94f249c244.png,17,Center,DUBAI BASKETBALL,2026-08-12T07:41:25.085
014031,"KONDIC, KOSTA",DUB,Dubai Basketball,https://media-cdn.incrowdsports.com/1efae090-16e2-4963-ae47-4b94f249c244.png,11,Guard,DUBAI BASKETBALL,2026-08-12T07:41:24.613
014731,"MINTZ, DAVION",DUB,Dubai Basketball,https://media-cdn.incrowdsports.com/1efae090-16e2-4963-ae47-4b94f249c244.png,6,Guard,WURZBURG BASKETS,2026-09-03T13:23:50.502
006540,"MUSA, DZANAN",DUB,Dubai Basketball,https://media-cdn.incrowdsports.com/1efae090-16e2-4963-ae47-4b94f249c244.png,13,Guard,DUBAI BASKETBALL,2026-08-12T07:41:24.859
011212,"OKOBO, ELIE",DUB,Dubai Basketball,https://media-cdn.incrowdsports.com/1efae090-16e2-4963-ae47-4b94f249c244.png,0,Guard,AS MONACO BASKET,2026-09-11T13:44:46.741
011194,"PETRUSEV, FILIP",DUB,Dubai Basketball,https://media-cdn.incrowdsports.com/1efae090-16e2-4963-ae47-4b94f249c244.png,30,Center,DUBAI BASKETBALL,2026-08-12T07:41:25.335
002661,"PREPELIC, KLEMEN",DUB,Dubai Basketball,https://media-cdn.incrowdsports.com/1efae090-16e2-4963-ae47-4b94f249c244.png,7,Guard,DUBAI BASKETBALL,2026-08-12T07:41:23.923
001133,"SHENGELIA, TORNIKE",DUB,Dubai Basketball,https://media-cdn.incrowdsports.com/1efae090-16e2-4963-ae47-4b94f249c244.png,23,Forward,FC BARCELONA,2026-09-03T13:23:51.875
008855,"WALKUP, THOMAS",DUB,Dubai Basketball,https://media-cdn.incrowdsports.com/1efae090-16e2-4963-ae47-4b94f249c244.png,44,Guard,OLYMPIACOS BC,2026-09-11T13:44:46.982
012606,"WRIGHT IV, MCKINLEY",DUB,Dubai Basketball,https://media-cdn.incrowdsports.com/1efae090-16e2-4963-ae47-4b94f249c244.png,25,Guard,DUBAI BASKETBALL,2026-08-11T10:25:22.916
013402,"BLAKENEY, ANTONIO",HTA,Hapoel IBI Tel Aviv,https://media-cdn.incrowdsports.com/cbb1c3ad-03d5-426a-b5ef-2832a4eee484.png,2,Guard,HAPOEL IBI TEL AVIV,2026-08-12T07:53:39.243
009846,"BRYANT, ELIJAH",HTA,Hapoel IBI Tel Aviv,https://media-cdn.incrowdsports.com/cbb1c3ad-03d5-426a-b5ef-2832a4eee484.png,3,Guard,HAPOEL IBI TEL AVIV,2026-08-12T07:53:39.497
012096,"CABOCLO, BRUNO",HTA,Hapoel IBI Tel Aviv,https://media-cdn.incrowdsports.com/cbb1c3ad-03d5-426a-b5ef-2832a4eee484.png,51,Center,DUBAI,2026-09-17T10:18:03.788
008912,"CARRINGTON, KHADEEN",HTA,Hapoel IBI Tel Aviv,https://media-cdn.incrowdsports.com/cbb1c3ad-03d5-426a-b5ef-2832a4eee484.png,5,Guard,HAPOEL JERUSALEM,2026-09-17T14:07:04.243
015153,"COFFEY, AMIR",HTA,Hapoel IBI Tel Aviv,https://media-cdn.incrowdsports.com/cbb1c3ad-03d5-426a-b5ef-2832a4eee484.png,7,Guard,PHOENIX SUNS,2026-09-17T10:18:02.773
015152,"GERMAN, EUGENE",HTA,Hapoel IBI Tel Aviv,https://media-cdn.incrowdsports.com/cbb1c3ad-03d5-426a-b5ef-2832a4eee484.png,1,Guard,INDIOS DE MAYAGUEZ,2026-09-17T10:18:02.362
010550,"GINAT, TOMER",HTA,Hapoel IBI Tel Aviv,https://media-cdn.incrowdsports.com/cbb1c3ad-03d5-426a-b5ef-2832a4eee484.png,41,Forward,HAPOEL IBI TEL AVIV,2026-08-12T07:53:42.415
008987,"LEDAY, ZACH",HTA,Hapoel IBI Tel Aviv,https://media-cdn.incrowdsports.com/cbb1c3ad-03d5-426a-b5ef-2832a4eee484.png,16,Forward,OLIMPIA MILANO,2026-09-17T10:18:03.523
002580,"MICIC, VASILIJE",HTA,Hapoel IBI Tel Aviv,https://media-cdn.incrowdsports.com/cbb1c3ad-03d5-426a-b5ef-2832a4eee484.png,22,Guard,HAPOEL IBI TEL AVIV,2026-08-12T07:53:41.678
011823,"ODIASE, TAI",HTA,Hapoel IBI Tel Aviv,https://media-cdn.incrowdsports.com/cbb1c3ad-03d5-426a-b5ef-2832a4eee484.png,21,Center,HAPOEL IBI TEL AVIV,2026-08-12T07:53:41.424
012788,"OTURU, DAN",HTA,Hapoel IBI Tel Aviv,https://media-cdn.incrowdsports.com/cbb1c3ad-03d5-426a-b5ef-2832a4eee484.png,25,Center,HAPOEL IBI TEL AVIV,2026-08-12T07:53:41.913
002939,"SATORANSKY, TOMAS",HTA,Hapoel IBI Tel Aviv,https://media-cdn.incrowdsports.com/cbb1c3ad-03d5-426a-b5ef-2832a4eee484.png,13,Guard,BARCELONA,2026-09-17T10:18:03.109
004846,"TIMOR, BAR",HTA,Hapoel IBI Tel Aviv,https://media-cdn.incrowdsports.com/cbb1c3ad-03d5-426a-b5ef-2832a4eee484.png,10,Guard,HAPOEL IBI TEL AVIV,2026-08-12T07:53:40.203
015151,"TOPPIN, JACOB",HTA,Hapoel IBI Tel Aviv,https://media-cdn.incrowdsports.com/cbb1c3ad-03d5-426a-b5ef-2832a4eee484.png,0,Forward,ATLANTA HAWKS,2026-09-17T10:18:02.023
013284,"WAINRIGHT, ISH",HTA,Hapoel IBI Tel Aviv,https://media-cdn.incrowdsports.com/cbb1c3ad-03d5-426a-b5ef-2832a4eee484.png,12,Forward,HAPOEL IBI TEL AVIV,2026-09-16T06:27:07.576
009549,"CORDINIER, ISAIA",IST,Anadolu Efes Istanbul,https://media-cdn.cortextech.io/1dU3kpCqReRp93/1BSdBWIjCgOCxM/a844756c-a58d-4666-93b8-48f7337bc79d.png,10,Guard,ANADOLU EFES ISTANBUL,2026-08-12T07:32:08.96
012742,"DOZIER, PJ",IST,Anadolu Efes Istanbul,https://media-cdn.cortextech.io/1dU3kpCqReRp93/1BSdBWIjCgOCxM/a844756c-a58d-4666-93b8-48f7337bc79d.png,15,Guard,ANADOLU EFES ISTANBUL,2026-08-12T07:32:09.643
013667,"FERNANDO, BRUNO",IST,Anadolu Efes Istanbul,https://media-cdn.cortextech.io/1dU3kpCqReRp93/1BSdBWIjCgOCxM/a844756c-a58d-4666-93b8-48f7337bc79d.png,20,Center,KK PARTIZAN MOZZART BET BEOGRAD,2026-09-07T10:33:06.705
005985,"JAMES, MIKE",IST,Anadolu Efes Istanbul,https://media-cdn.cortextech.io/1dU3kpCqReRp93/1BSdBWIjCgOCxM/a844756c-a58d-4666-93b8-48f7337bc79d.png,55,Guard,AS MONACO BASKET,2026-09-17T14:35:17.264
014102,"JONES, KAI",IST,Anadolu Efes Istanbul,https://media-cdn.cortextech.io/1dU3kpCqReRp93/1BSdBWIjCgOCxM/a844756c-a58d-4666-93b8-48f7337bc79d.png,88,Center,ANADOLU EFES ISTANBUL,2026-09-21T07:37:46.521
013431,"KARUTASU, DARIUS",IST,Anadolu Efes Istanbul,https://media-cdn.cortextech.io/1dU3kpCqReRp93/1BSdBWIjCgOCxM/a844756c-a58d-4666-93b8-48f7337bc79d.png,2,Forward,U18 ANADOLU EFES ISTANBUL,2026-09-02T11:49:34.848
009754,"LOYD, JORDAN",IST,Anadolu Efes Istanbul,https://media-cdn.cortextech.io/1dU3kpCqReRp93/1BSdBWIjCgOCxM/a844756c-a58d-4666-93b8-48f7337bc79d.png,3,Guard,ANADOLU EFES ISTANBUL,2026-09-02T11:49:35.094
012609,"MALCOLM, COLLIN",IST,Anadolu Efes Istanbul,https://media-cdn.cortextech.io/1dU3kpCqReRp93/1BSdBWIjCgOCxM/a844756c-a58d-4666-93b8-48f7337bc79d.png,17,Forward,HAPOEL SHLOMO TEL AVIV,2026-09-02T11:49:35.881
008176,"MUTAF, DAVID",IST,Anadolu Efes Istanbul,https://media-cdn.cortextech.io/1dU3kpCqReRp93/1BSdBWIjCgOCxM/a844756c-a58d-4666-93b8-48f7337bc79d.png,23,Guard,ANADOLU EFES ISTANBUL,2026-08-12T07:32:10.099
012710,"OSMANI, ERCAN",IST,Anadolu Efes Istanbul,https://media-cdn.cortextech.io/1dU3kpCqReRp93/1BSdBWIjCgOCxM/a844756c-a58d-4666-93b8-48f7337bc79d.png,24,Forward,ANADOLU EFES ISTANBUL,2026-08-12T07:32:10.336
005844,"PAPAGIANNIS, GEORGIOS",IST,Anadolu Efes Istanbul,https://media-cdn.cortextech.io/1dU3kpCqReRp93/1BSdBWIjCgOCxM/a844756c-a58d-4666-93b8-48f7337bc79d.png,9,Center,ANADOLU EFES ISTANBUL,2026-08-12T07:32:08.726
013943,"RUSSELL, DARON",IST,Anadolu Efes Istanbul,https://media-cdn.cortextech.io/1dU3kpCqReRp93/1BSdBWIjCgOCxM/a844756c-a58d-4666-93b8-48f7337bc79d.png,11,Guard,AS MONACO BASKET,2026-09-02T11:49:35.338
003112,"SARIC, DARIO",IST,Anadolu Efes Istanbul,https://media-cdn.cortextech.io/1dU3kpCqReRp93/1BSdBWIjCgOCxM/a844756c-a58d-4666-93b8-48f7337bc79d.png,5,Forward,DETROIT PISTONS,2026-09-17T14:35:16.708
008099,"STRAZEL, MATTHEW",IST,Anadolu Efes Istanbul,https://media-cdn.cortextech.io/1dU3kpCqReRp93/1BSdBWIjCgOCxM/a844756c-a58d-4666-93b8-48f7337bc79d.png,32,Guard,AS MONACO BASKET,2026-09-17T14:35:16.944
006372,"YILMAZ, ERKAN",IST,Anadolu Efes Istanbul,https://media-cdn.cortextech.io/1dU3kpCqReRp93/1BSdBWIjCgOCxM/a844756c-a58d-4666-93b8-48f7337bc79d.png,33,Forward,ANADOLU EFES ISTANBUL,2026-08-12T07:32:10.57
005368,"YUSTA, SANTI",IST,Anadolu Efes Istanbul,https://media-cdn.cortextech.io/1dU3kpCqReRp93/1BSdBWIjCgOCxM/a844756c-a58d-4666-93b8-48f7337bc79d.png,4,Forward,CASADEMONT ZARAGOZA,2026-09-07T10:33:06.452
003733,"ABALDE, ALBERTO",MAD,Real Madrid,https://media-cdn.incrowdsports.com/371b0d9b-9250-4c09-bda7-0686cf024657.png,6,Forward,REAL MADRID,2026-08-12T08:18:26.262
005928,"CAMPAZZO, FACUNDO",MAD,Real Madrid,https://media-cdn.incrowdsports.com/371b0d9b-9250-4c09-bda7-0686cf024657.png,7,Guard,REAL MADRID,2026-08-12T08:18:26.5
009005,"DECK, GABRIEL",MAD,Real Madrid,https://media-cdn.incrowdsports.com/371b0d9b-9250-4c09-bda7-0686cf024657.png,14,Forward,REAL MADRID,2026-08-12T08:18:27.962
011247,"FELIZ, ANDRES",MAD,Real Madrid,https://media-cdn.incrowdsports.com/371b0d9b-9250-4c09-bda7-0686cf024657.png,24,Guard,REAL MADRID,2026-08-12T08:18:28.693
007630,"GARUBA, USMAN",MAD,Real Madrid,https://media-cdn.incrowdsports.com/371b0d9b-9250-4c09-bda7-0686cf024657.png,16,Center,,2026-08-12T08:18:28.21
012613,"JANTUNEN, MIKAEL",MAD,Real Madrid,https://media-cdn.incrowdsports.com/371b0d9b-9250-4c09-bda7-0686cf024657.png,20,Forward,FENERBAHCE TARFIN ISTANBUL,2026-09-12T10:24:53.225
015103,"JONES, DAMIAN",MAD,Real Madrid,https://media-cdn.incrowdsports.com/371b0d9b-9250-4c09-bda7-0686cf024657.png,30,Center,VAQUEROS DE BAYAMON,2026-09-12T10:24:53.947
TGB,"LLULL, SERGIO",MAD,Real Madrid,https://media-cdn.incrowdsports.com/371b0d9b-9250-4c09-bda7-0686cf024657.png,23,Guard,REAL MADRID,2026-09-12T10:24:53.695
012080,"LUWAWU-CABARROT, TIMOTHE",MAD,Real Madrid,https://media-cdn.incrowdsports.com/371b0d9b-9250-4c09-bda7-0686cf024657.png,3,Forward,KOSNER BASKONIA VITORIA-GASTEIZ,2026-09-12T10:24:52.802
007027,"MALEDON, THEO",MAD,Real Madrid,https://media-cdn.incrowdsports.com/371b0d9b-9250-4c09-bda7-0686cf024657.png,12,Guard,REAL MADRID,2026-08-12T08:18:27.455
014006,"OKEKE, CHUMA",MAD,Real Madrid,https://media-cdn.incrowdsports.com/371b0d9b-9250-4c09-bda7-0686cf024657.png,8,Center,REAL MADRID,2026-08-12T08:18:26.752
010393,"PRADILLA, JAIME",MAD,Real Madrid,https://media-cdn.incrowdsports.com/371b0d9b-9250-4c09-bda7-0686cf024657.png,4,Forward,VALENCIA BASKET,2026-09-12T10:24:52.997
008384,"PROCIDA, GABRIELE",MAD,Real Madrid,https://media-cdn.incrowdsports.com/371b0d9b-9250-4c09-bda7-0686cf024657.png,9,Forward,REAL MADRID,2026-08-12T08:18:26.992
006833,"SARR, OLIVIER",MAD,Real Madrid,https://media-cdn.incrowdsports.com/371b0d9b-9250-4c09-bda7-0686cf024657.png,33,Center,CLEVELAND CAVALIERS,2026-09-07T12:04:00.263
015102,"SHULGA, MAKSYM",MAD,Real Madrid,https://media-cdn.incrowdsports.com/371b0d9b-9250-4c09-bda7-0686cf024657.png,2,Forward,BOSTON CELTICS,2026-09-12T10:24:52.571
005791,"TAVARES, WALTER",MAD,Real Madrid,https://media-cdn.incrowdsports.com/371b0d9b-9250-4c09-bda7-0686cf024657.png,22,Center,REAL MADRID,2026-08-12T08:18:28.445
011816,"AKELE, NICOLA",MIL,Armani Olimpia Milan,https://media-cdn.cortextech.io/1dU3kpCqReRp93/1BSdBWIjChWbHH/5c2f0ab6-f86a-4df0-b2f3-f9ab92f7267b.png,45,Forward,VIRTUS BOLOGNA,2026-09-07T10:41:54.502
008985,"BOLMARO, LEANDRO",MIL,Armani Olimpia Milan,https://media-cdn.cortextech.io/1dU3kpCqReRp93/1BSdBWIjChWbHH/5c2f0ab6-f86a-4df0-b2f3-f9ab92f7267b.png,10,Guard,EA7 EMPORIO ARMANI MILAN,2026-08-12T07:35:05.269
007056,"BOOKER, DEVIN",MIL,Armani Olimpia Milan,https://media-cdn.cortextech.io/1dU3kpCqReRp93/1BSdBWIjChWbHH/5c2f0ab6-f86a-4df0-b2f3-f9ab92f7267b.png,31,Center,EA7 EMPORIO ARMANI MILAN,2026-08-12T07:35:05.008
014782,"BURNELL, JASON",MIL,Armani Olimpia Milan,https://media-cdn.cortextech.io/1dU3kpCqReRp93/1BSdBWIjChWbHH/5c2f0ab6-f86a-4df0-b2f3-f9ab92f7267b.png,0,Forward,LEONESSA BRESCIA,2026-09-07T10:41:53.997
013929,"COLE, RJ",MIL,Armani Olimpia Milan,https://media-cdn.cortextech.io/1dU3kpCqReRp93/1BSdBWIjChWbHH/5c2f0ab6-f86a-4df0-b2f3-f9ab92f7267b.png,2,Guard,REYER VENEZIA,2026-09-07T10:41:54.267
013385,"DIOP, OUSMANE",MIL,Armani Olimpia Milan,https://media-cdn.cortextech.io/1dU3kpCqReRp93/1BSdBWIjChWbHH/5c2f0ab6-f86a-4df0-b2f3-f9ab92f7267b.png,6,Center,EA7 EMPORIO ARMANI MILAN,2026-09-02T13:04:25.486
005670,"FLACCADORI, DIEGO",MIL,Armani Olimpia Milan,https://media-cdn.cortextech.io/1dU3kpCqReRp93/1BSdBWIjChWbHH/5c2f0ab6-f86a-4df0-b2f3-f9ab92f7267b.png,21,Guard,EA7 EMPORIO ARMANI MILAN,2026-08-12T07:35:05.803
004004,"GUDURIC, MARKO",MIL,Armani Olimpia Milan,https://media-cdn.cortextech.io/1dU3kpCqReRp93/1BSdBWIjChWbHH/5c2f0ab6-f86a-4df0-b2f3-f9ab92f7267b.png,23,Guard,EA7 EMPORIO ARMANI MILAN,2026-08-12T07:35:06.068
011205,"HALL, DEVON",MIL,Armani Olimpia Milan,https://media-cdn.cortextech.io/1dU3kpCqReRp93/1BSdBWIjChWbHH/5c2f0ab6-f86a-4df0-b2f3-f9ab92f7267b.png,22,Guard,FENERBAHCE ISTANBUL,2026-09-02T13:04:25.244
014783,"MATHEWS, GARRISON",MIL,Armani Olimpia Milan,https://media-cdn.cortextech.io/1dU3kpCqReRp93/1BSdBWIjChWbHH/5c2f0ab6-f86a-4df0-b2f3-f9ab92f7267b.png,24,Guard,INDIANA PACERS,2026-09-07T10:43:43.133
008829,"PETERS, ALEC",MIL,Armani Olimpia Milan,https://media-cdn.cortextech.io/1dU3kpCqReRp93/1BSdBWIjChWbHH/5c2f0ab6-f86a-4df0-b2f3-f9ab92f7267b.png,25,Forward,OLYMPIACOS PIRAEUS,2026-09-02T13:04:25.711
001518,"RICCI, GIAMPAOLO",MIL,Armani Olimpia Milan,https://media-cdn.cortextech.io/1dU3kpCqReRp93/1BSdBWIjChWbHH/5c2f0ab6-f86a-4df0-b2f3-f9ab92f7267b.png,17,Forward,EA7 EMPORIO ARMANI MILAN,2026-08-12T07:35:05.531
011078,"THOMPSON, DARIUS",MIL,Armani Olimpia Milan,https://media-cdn.cortextech.io/1dU3kpCqReRp93/1BSdBWIjChWbHH/5c2f0ab6-f86a-4df0-b2f3-f9ab92f7267b.png,13,Guard,VALENCIA BASKET,2026-09-02T13:04:24.738
006509,"TONUT, STEFANO",MIL,Armani Olimpia Milan,https://media-cdn.cortextech.io/1dU3kpCqReRp93/1BSdBWIjChWbHH/5c2f0ab6-f86a-4df0-b2f3-f9ab92f7267b.png,7,Guard,EA7 EMPORIO ARMANI MILAN,2026-09-02T13:04:24.505
012878,"WRIGHT, MOSES",MIL,Armani Olimpia Milan,https://media-cdn.cortextech.io/1dU3kpCqReRp93/1BSdBWIjChWbHH/5c2f0ab6-f86a-4df0-b2f3-f9ab92f7267b.png,5,Center,ZALGIRIS KAUNAS,2026-09-02T13:04:24.286
012597,"BALDWIN, KAMAR",MUN,FC Bayern Munich,https://media-cdn.incrowdsports.com/817b0e58-d595-4b09-ab0b-1e7cc26249ff.png,44,Guard,FC BAYERN MUNICH,2026-08-12T07:47:01.287
014732,"BEAUCHAMP, MARJON",MUN,FC Bayern Munich,https://media-cdn.incrowdsports.com/817b0e58-d595-4b09-ab0b-1e7cc26249ff.png,3,Forward,PHILADELPHIA 76ERS - DELAWARE BLUE COATS,2026-09-04T08:40:45.53
011244,"DA SILVA, OSCAR",MUN,FC Bayern Munich,https://media-cdn.incrowdsports.com/817b0e58-d595-4b09-ab0b-1e7cc26249ff.png,1,Forward,FC BAYERN MUNICH,2026-08-12T07:46:58.927
013579,"FISCHER, KILIAN",MUN,FC Bayern Munich,https://media-cdn.incrowdsports.com/817b0e58-d595-4b09-ab0b-1e7cc26249ff.png,17,Center,FC BAYERN MUNICH,2026-09-04T08:40:47.32
001557,"GIFFEY, NIELS",MUN,FC Bayern Munich,https://media-cdn.incrowdsports.com/817b0e58-d595-4b09-ab0b-1e7cc26249ff.png,5,Forward,FC BAYERN MUNICH,2026-08-12T07:46:59.44
009513,"HOLLATZ, JUSTUS",MUN,FC Bayern Munich,https://media-cdn.incrowdsports.com/817b0e58-d595-4b09-ab0b-1e7cc26249ff.png,21,Guard,FC BAYERN MUNICH,2026-08-12T07:47:00.612
010726,"JENSEN, TOBIAS",MUN,FC Bayern Munich,https://media-cdn.incrowdsports.com/817b0e58-d595-4b09-ab0b-1e7cc26249ff.png,8,Guard,RATIOPHARM ULM,2026-09-04T08:40:46.258
012158,"JERKIC, NIKO",MUN,FC Bayern Munich,https://media-cdn.incrowdsports.com/817b0e58-d595-4b09-ab0b-1e7cc26249ff.png,39,Guard,FC BAYERN MUNICH,2026-09-04T08:40:48.128
013290,"JESSUP, JUSTINIAN",MUN,FC Bayern Munich,https://media-cdn.incrowdsports.com/817b0e58-d595-4b09-ab0b-1e7cc26249ff.png,10,Guard,FC BAYERN MUNICH,2026-08-12T07:46:59.893
007519,"JOKUBAITIS, ROKAS",MUN,FC Bayern Munich,https://media-cdn.incrowdsports.com/817b0e58-d595-4b09-ab0b-1e7cc26249ff.png,31,Guard,MACCABI TEL AVIV,2026-09-11T09:27:05.828
001288,"LUCIC, VLADIMIR",MUN,FC Bayern Munich,https://media-cdn.incrowdsports.com/817b0e58-d595-4b09-ab0b-1e7cc26249ff.png,11,Forward,FC BAYERN MUNICH,2026-08-12T07:47:00.161
014134,"NORRIS, MILES",MUN,FC Bayern Munich,https://media-cdn.incrowdsports.com/817b0e58-d595-4b09-ab0b-1e7cc26249ff.png,0,Forward,FC BARCELONA,2026-09-04T08:40:45.22
004508,"OBST, ANDREAS",MUN,FC Bayern Munich,https://media-cdn.incrowdsports.com/817b0e58-d595-4b09-ab0b-1e7cc26249ff.png,13,Guard,FC BAYERN MUNICH,2026-09-04T08:40:47.094
012838,"SUSIC, ANDRIJA",MUN,FC Bayern Munich,https://media-cdn.incrowdsports.com/817b0e58-d595-4b09-ab0b-1e7cc26249ff.png,42,Guard,FC BAYERN MUNICH,2026-09-04T08:40:48.388
003958,"THIEMANN, JOHANNES",MUN,FC Bayern Munich,https://media-cdn.incrowdsports.com/817b0e58-d595-4b09-ab0b-1e7cc26249ff.png,32,Center,GUNMA CRANE THUNDERS,2026-09-04T08:40:47.88
007201,"VOIGTMANN, JOHANNES",MUN,FC Bayern Munich,https://media-cdn.incrowdsports.com/817b0e58-d595-4b09-ab0b-1e7cc26249ff.png,7,Center,FC BAYERN MUNICH,2026-08-12T07:46:59.665
013541,"VOSSENBERG, CASPAR",MUN,FC Bayern Munich,https://media-cdn.incrowdsports.com/817b0e58-d595-4b09-ab0b-1e7cc26249ff.png,37,Guard,FC BAYERN MUNICH,2026-09-11T09:27:06.043
013370,"WASHINGTON, DUANE",MUN,FC Bayern Munich,https://media-cdn.incrowdsports.com/817b0e58-d595-4b09-ab0b-1e7cc26249ff.png,4,Guard,KK PARTIZAN,2026-09-04T08:40:45.741
013278,"WILEY, AUSTIN",MUN,FC Bayern Munich,https://media-cdn.incrowdsports.com/817b0e58-d595-4b09-ab0b-1e7cc26249ff.png,50,Center,HAPOEL BANK JAHAV JERUSALEM,2026-09-04T08:40:48.967
013141,"BOURNELES, GEORGIOS",OLY,Olympiacos Piraeus,https://media-cdn.incrowdsports.com/789423ac-3cdf-4b89-b11c-b458aa5f59a6.png,4,Guard,OLYMPIACOS,2026-09-15T07:43:21.76
009849,"DORSEY, TYLER",OLY,Olympiacos Piraeus,https://media-cdn.incrowdsports.com/789423ac-3cdf-4b89-b11c-b458aa5f59a6.png,22,Guard,OLYMPIACOS,2026-08-12T08:03:28.09
013380,"FOURNIER, EVAN",OLY,Olympiacos Piraeus,https://media-cdn.incrowdsports.com/789423ac-3cdf-4b89-b11c-b458aa5f59a6.png,94,Forward,OLYMPIACOS,2026-08-28T13:38:50.772
011196,"HALL, DONTA",OLY,Olympiacos Piraeus,https://media-cdn.incrowdsports.com/789423ac-3cdf-4b89-b11c-b458aa5f59a6.png,45,Center,OLYMPIACOS,2026-08-12T08:03:29.12
011981,"JONES, TYRIQUE",OLY,Olympiacos Piraeus,https://media-cdn.incrowdsports.com/789423ac-3cdf-4b89-b11c-b458aa5f59a6.png,88,Center,OLYMPIACOS,2026-08-12T08:03:29.375
014316,"JOSEPH, CORY",OLY,Olympiacos Piraeus,https://media-cdn.incrowdsports.com/789423ac-3cdf-4b89-b11c-b458aa5f59a6.png,34,Guard,OLYMPIACOS,2026-08-12T08:03:28.635
015126,"KARAGIANNIDIS, ANTONIS",OLY,Olympiacos Piraeus,https://media-cdn.incrowdsports.com/789423ac-3cdf-4b89-b11c-b458aa5f59a6.png,29,Center,--,2026-09-15T06:53:00.244
009048,"MILLER-MCINTYRE, CODI",OLY,Olympiacos Piraeus,https://media-cdn.incrowdsports.com/789423ac-3cdf-4b89-b11c-b458aa5f59a6.png,0,Guard,CRVENA ZVEZDA,2026-09-11T13:24:43.003
003941,"MILUTINOV, NIKOLA",OLY,Olympiacos Piraeus,https://media-cdn.incrowdsports.com/789423ac-3cdf-4b89-b11c-b458aa5f59a6.png,33,Center,OLYMPIACOS,2026-08-12T08:03:28.322
010042,"MONTERO, JEAN",OLY,Olympiacos Piraeus,https://media-cdn.incrowdsports.com/789423ac-3cdf-4b89-b11c-b458aa5f59a6.png,8,Guard,VALENCIA,2026-09-15T06:52:59.686
012731,"NDIAYE, MBAYE",OLY,Olympiacos Piraeus,https://media-cdn.incrowdsports.com/789423ac-3cdf-4b89-b11c-b458aa5f59a6.png,24,Forward,ASVEL,2026-09-11T13:24:43.272
014122,"NETZIPOGLOU, OMIROS",OLY,Olympiacos Piraeus,https://media-cdn.incrowdsports.com/789423ac-3cdf-4b89-b11c-b458aa5f59a6.png,21,Guard,OLYMPIACOS,2026-08-12T08:03:27.854
001255,"PAPANIKOLAOU, KOSTAS",OLY,Olympiacos Piraeus,https://media-cdn.incrowdsports.com/789423ac-3cdf-4b89-b11c-b458aa5f59a6.png,16,Forward,OLYMPIACOS,2026-09-07T11:52:45.117
010091,"PLOTAS, NIKOLAOS",OLY,Olympiacos Piraeus,https://media-cdn.incrowdsports.com/789423ac-3cdf-4b89-b11c-b458aa5f59a6.png,9,Guard,PROMITHEAS PATRA,2026-09-17T14:32:49.259
003469,"VEZENKOV, SASHA",OLY,Olympiacos Piraeus,https://media-cdn.incrowdsports.com/789423ac-3cdf-4b89-b11c-b458aa5f59a6.png,14,Forward,OLYMPIACOS,2026-08-12T08:03:27.538
012610,"WARD, TYSON",OLY,Olympiacos Piraeus,https://media-cdn.incrowdsports.com/789423ac-3cdf-4b89-b11c-b458aa5f59a6.png,3,Forward,OLYMPIACOS,2026-08-12T08:03:26.749
013384,"BROOKS, ARMONI",PAM,Valencia Basket,https://media-cdn.cortextech.io/1dU3kpCqReRp93/1BSdBWIjChWbHL/bc3e00b2-fea4-40be-a7ec-1e633129bde3.png,12,Guard,ARMANI OLIMPIA MILANO,2026-09-04T12:25:36.853
014741,"CARDENAS, ALVARO",PAM,Valencia Basket,https://media-cdn.cortextech.io/1dU3kpCqReRp93/1BSdBWIjChWbHL/bc3e00b2-fea4-40be-a7ec-1e633129bde3.png,7,Guard,VALENCIA BASKET CLUB,2026-09-04T12:26:52.991
014740,"CORBALAN, GONZALO",PAM,Valencia Basket,https://media-cdn.cortextech.io/1dU3kpCqReRp93/1BSdBWIjChWbHL/bc3e00b2-fea4-40be-a7ec-1e633129bde3.png,20,Forward,CLUB BALONCESTO SAN PABLO BURGOS,2026-09-04T12:25:37.747
014739,"GUEYE, MOUHAMADOU",PAM,Valencia Basket,https://media-cdn.cortextech.io/1dU3kpCqReRp93/1BSdBWIjChWbHL/bc3e00b2-fea4-40be-a7ec-1e633129bde3.png,16,Forward,CHARLOTTE HORNETS,2026-09-04T12:25:37.483
010754,"MARI, LUCAS",PAM,Valencia Basket,https://media-cdn.cortextech.io/1dU3kpCqReRp93/1BSdBWIjChWbHL/bc3e00b2-fea4-40be-a7ec-1e633129bde3.png,23,Guard,VERMONT CATAMOUNTS,2026-09-17T16:02:10.967
000796,"MIROTIC, NIKOLA",PAM,Valencia Basket,https://media-cdn.cortextech.io/1dU3kpCqReRp93/1BSdBWIjChWbHL/bc3e00b2-fea4-40be-a7ec-1e633129bde3.png,33,Forward,AS MONACO,2026-09-21T08:22:04.998
014115,"MOORE, OMARI",PAM,Valencia Basket,https://media-cdn.cortextech.io/1dU3kpCqReRp93/1BSdBWIjChWbHL/bc3e00b2-fea4-40be-a7ec-1e633129bde3.png,10,Guard,VALENCIA BASKET CLUB,2026-09-04T12:25:36.62
010581,"OSETKOWSKI, DYLAN",PAM,Valencia Basket,https://media-cdn.cortextech.io/1dU3kpCqReRp93/1BSdBWIjChWbHL/bc3e00b2-fea4-40be-a7ec-1e633129bde3.png,8,Forward,PARTIZAN BELGRADE,2026-09-04T12:25:36.239
006643,"PUERTO, JOSEP",PAM,Valencia Basket,https://media-cdn.cortextech.io/1dU3kpCqReRp93/1BSdBWIjChWbHL/bc3e00b2-fea4-40be-a7ec-1e633129bde3.png,2,Guard,VALENCIA BASKET CLUB,2026-08-12T08:20:27.187
012738,"REUVERS, NATHAN",PAM,Valencia Basket,https://media-cdn.cortextech.io/1dU3kpCqReRp93/1BSdBWIjChWbHL/bc3e00b2-fea4-40be-a7ec-1e633129bde3.png,3,Forward,VALENCIA BASKET CLUB,2026-09-04T12:25:35.984
011214,"RIVERO, JASIEL",PAM,Valencia Basket,https://media-cdn.cortextech.io/1dU3kpCqReRp93/1BSdBWIjChWbHL/bc3e00b2-fea4-40be-a7ec-1e633129bde3.png,41,Forward,ESTRELLA ROJA DE BELGRADO,2026-09-17T16:02:11.4
011706,"SAINT-SUPERY, MARIO",PAM,Valencia Basket,https://media-cdn.cortextech.io/1dU3kpCqReRp93/1BSdBWIjChWbHL/bc3e00b2-fea4-40be-a7ec-1e633129bde3.png,5,Guard,UNICAJA MALAGA,2026-09-17T16:02:10.593
010545,"SAKO, NEAL",PAM,Valencia Basket,https://media-cdn.cortextech.io/1dU3kpCqReRp93/1BSdBWIjChWbHL/bc3e00b2-fea4-40be-a7ec-1e633129bde3.png,13,Center,VALENCIA BASKET CLUB,2026-08-12T08:20:28.346
012608,"SHORTS, TJ",PAM,Valencia Basket,https://media-cdn.cortextech.io/1dU3kpCqReRp93/1BSdBWIjChWbHL/bc3e00b2-fea4-40be-a7ec-1e633129bde3.png,0,Guard,PANATHINAIKOS BC,2026-09-04T12:25:35.006
005596,"SIMA, YANKUBA",PAM,Valencia Basket,https://media-cdn.cortextech.io/1dU3kpCqReRp93/1BSdBWIjChWbHL/bc3e00b2-fea4-40be-a7ec-1e633129bde3.png,77,Center,VALENCIA BASKET CLUB,2026-08-12T08:20:28.838
011217,"TAYLOR, KAMERON",PAM,Valencia Basket,https://media-cdn.cortextech.io/1dU3kpCqReRp93/1BSdBWIjChWbHL/bc3e00b2-fea4-40be-a7ec-1e633129bde3.png,1,Forward,VALENCIA BASKET CLUB,2026-08-12T08:20:26.985
007527,"BADIO, BRANCOU",PAN,Panathinaikos AKTOR Athens,https://media-cdn.incrowdsports.com/e3dff28a-9ec6-4faf-9d96-ecbc68f75780.png,7,Guard,VALENCIA BASKET,2026-09-10T13:42:13.684
006760,"BONGA, ISAAC",PAN,Panathinaikos AKTOR Athens,https://media-cdn.incrowdsports.com/e3dff28a-9ec6-4faf-9d96-ecbc68f75780.png,32,Forward,PARTIZAN BELGRADE,2026-09-07T08:28:07.725
008811,"FALL, MOUSTAPHA",PAN,Panathinaikos AKTOR Athens,https://media-cdn.incrowdsports.com/e3dff28a-9ec6-4faf-9d96-ecbc68f75780.png,93,Center,OLYMPIACOS PIRAEUS,2026-09-09T15:37:19.882
007975,"FRANCISCO, SYLVAIN",PAN,Panathinaikos AKTOR Athens,https://media-cdn.incrowdsports.com/e3dff28a-9ec6-4faf-9d96-ecbc68f75780.png,3,Guard,ZALGIRIS KAUNAS,2026-09-09T15:37:19.322
011204,"GRANT, JERIAN",PAN,Panathinaikos AKTOR Athens,https://media-cdn.incrowdsports.com/e3dff28a-9ec6-4faf-9d96-ecbc68f75780.png,22,Guard,PANATHINAIKOS BSA,2026-08-12T08:07:01.147
008962,"HAYES-DAVIS, NIGEL",PAN,Panathinaikos AKTOR Athens,https://media-cdn.incrowdsports.com/e3dff28a-9ec6-4faf-9d96-ecbc68f75780.png,11,Forward,PANATHINAIKOS BSA,2026-08-12T08:07:00.439
012712,"HERNANGOMEZ, JUANCHO",PAN,Panathinaikos AKTOR Athens,https://media-cdn.incrowdsports.com/e3dff28a-9ec6-4faf-9d96-ecbc68f75780.png,41,Forward,PANATHINAIKOS BSA,2026-08-12T08:07:02.761
011209,"KALAITZAKIS, PANAGIOTIS",PAN,Panathinaikos AKTOR Athens,https://media-cdn.incrowdsports.com/e3dff28a-9ec6-4faf-9d96-ecbc68f75780.png,0,Guard,PANATHINAIKOS BSA,2026-08-12T08:06:59.728
003842,"LESSORT, MATHIAS",PAN,Panathinaikos AKTOR Athens,https://media-cdn.incrowdsports.com/e3dff28a-9ec6-4faf-9d96-ecbc68f75780.png,26,Center,PANATHINAIKOS BSA,2026-08-12T08:07:01.952
008084,"MANTZOUKAS, ELEFTHERIOS",PAN,Panathinaikos AKTOR Athens,https://media-cdn.incrowdsports.com/e3dff28a-9ec6-4faf-9d96-ecbc68f75780.png,72,Forward,PANATHINAIKOS BSA,2026-09-23T15:20:57.285
007866,"MITOGLOU, KONSTANTINOS",PAN,Panathinaikos AKTOR Athens,https://media-cdn.incrowdsports.com/e3dff28a-9ec6-4faf-9d96-ecbc68f75780.png,44,Forward,PANATHINAIKOS BSA,2026-09-07T08:28:08.381
006544,"MORAITIS, DIMITRIS",PAN,Panathinaikos AKTOR Athens,https://media-cdn.incrowdsports.com/e3dff28a-9ec6-4faf-9d96-ecbc68f75780.png,6,Guard,PANATHINAIKOS BSA,2026-09-23T15:20:57.067
012774,"NUNN, KENDRICK",PAN,Panathinaikos AKTOR Athens,https://media-cdn.incrowdsports.com/e3dff28a-9ec6-4faf-9d96-ecbc68f75780.png,25,Guard,PANATHINAIKOS BSA,2026-08-12T08:07:01.689
011085,"ROGKAVOPOULOS, NIKOLAOS",PAN,Panathinaikos AKTOR Athens,https://media-cdn.incrowdsports.com/e3dff28a-9ec6-4faf-9d96-ecbc68f75780.png,17,Forward,PANATHINAIKOS BSA,2026-08-12T08:07:00.677
001926,"SLOUKAS, KOSTAS",PAN,Panathinaikos AKTOR Athens,https://media-cdn.incrowdsports.com/e3dff28a-9ec6-4faf-9d96-ecbc68f75780.png,10,Guard,PANATHINAIKOS BSA,2026-09-09T15:37:19.602
015159,"VARVARITIS, IASON",PAN,Panathinaikos AKTOR Athens,https://media-cdn.incrowdsports.com/e3dff28a-9ec6-4faf-9d96-ecbc68f75780.png,12,Guard,PLATON SCHOOL,2026-09-17T15:56:04.19
010357,"YABUSELE, GUERSCHON",PAN,Panathinaikos AKTOR Athens,https://media-cdn.incrowdsports.com/e3dff28a-9ec6-4faf-9d96-ecbc68f75780.png,28,Forward,CHICAGO BULLS,2026-09-07T08:28:07.483
011924,"ALLMAN, KYLE",PAR,Partizan Mozzart Bet Belgrade,https://media-cdn.incrowdsports.com/2681304e-77dd-4331-88b1-683078c0fb49.png,0,Guard,TURK TELEKOM SPOR KULUBU,2026-09-04T13:10:29.86
012453,"DANILOVIC, UROS",PAR,Partizan Mozzart Bet Belgrade,https://media-cdn.incrowdsports.com/2681304e-77dd-4331-88b1-683078c0fb49.png,44,Forward,PARTIZAN MOZZART BET,2026-09-16T09:01:38.433
010390,"HAYES, KEVARRIUS",PAR,Partizan Mozzart Bet Belgrade,https://media-cdn.incrowdsports.com/2681304e-77dd-4331-88b1-683078c0fb49.png,13,Center,AS MONACO,2026-09-04T13:10:31.77
009733,"JEKIRI, TONYE",PAR,Partizan Mozzart Bet Belgrade,https://media-cdn.incrowdsports.com/2681304e-77dd-4331-88b1-683078c0fb49.png,23,Center,PARTIZAN MOZZART BET,2026-09-04T13:10:32.322
013369,"JONES, CARLIK",PAR,Partizan Mozzart Bet Belgrade,https://media-cdn.incrowdsports.com/2681304e-77dd-4331-88b1-683078c0fb49.png,1,Guard,PARTIZAN MOZZART BET,2026-09-07T12:02:32.718
007736,"LAKIC, ARIJAN",PAR,Partizan Mozzart Bet Belgrade,https://media-cdn.incrowdsports.com/2681304e-77dd-4331-88b1-683078c0fb49.png,19,Forward,PARTIZAN MOZZART BET,2026-08-12T08:12:39.426
004194,"LAUVERGNE, JOFFREY",PAR,Partizan Mozzart Bet Belgrade,https://media-cdn.incrowdsports.com/2681304e-77dd-4331-88b1-683078c0fb49.png,77,Center,AI KUWAIT SC,2026-09-04T13:45:40.043
004761,"MARINKOVIC, VANJA",PAR,Partizan Mozzart Bet Belgrade,https://media-cdn.incrowdsports.com/2681304e-77dd-4331-88b1-683078c0fb49.png,9,Forward,PARTIZAN MOZZART BET,2026-09-04T13:10:31.009
007632,"NAKIC, MARIO",PAR,Partizan Mozzart Bet Belgrade,https://media-cdn.incrowdsports.com/2681304e-77dd-4331-88b1-683078c0fb49.png,7,Forward,PARTIZAN MOZZART BET,2026-08-12T08:12:38.148
006739,"PAJOLA, ALESSANDRO",PAR,Partizan Mozzart Bet Belgrade,https://media-cdn.incrowdsports.com/2681304e-77dd-4331-88b1-683078c0fb49.png,66,Guard,SEGAFREDO VIRTUS BOLOGNA,2026-09-04T13:10:32.802
014009,"STEVENS, LAMAR",PAR,Partizan Mozzart Bet Belgrade,https://media-cdn.incrowdsports.com/2681304e-77dd-4331-88b1-683078c0fb49.png,11,Forward,PARIS BASKETBALL,2026-09-04T13:10:31.533
005637,"TANASKOVIC, NIKOLA",PAR,Partizan Mozzart Bet Belgrade,https://media-cdn.incrowdsports.com/2681304e-77dd-4331-88b1-683078c0fb49.png,10,Center,BUDUCNOST VOLI,2026-09-04T13:10:31.269
014742,"THOMPSON, ETHAN",PAR,Partizan Mozzart Bet Belgrade,https://media-cdn.incrowdsports.com/2681304e-77dd-4331-88b1-683078c0fb49.png,5,Forward,NBA,2026-09-04T13:10:30.46
007947,"VILDOZA, LUCA",PAR,Partizan Mozzart Bet Belgrade,https://media-cdn.incrowdsports.com/2681304e-77dd-4331-88b1-683078c0fb49.png,3,Guard,SEGAFREDO VIRTUS BOLOGNA,2026-09-04T13:10:30.138
009664,"WILLIS, DEREK",PAR,Partizan Mozzart Bet Belgrade,https://media-cdn.incrowdsports.com/2681304e-77dd-4331-88b1-683078c0fb49.png,35,Center,PARIS BASKETBALL,2026-09-04T13:10:32.556
006904,"AYAYI, JOEL",PRS,Paris Basketball,https://media-cdn.incrowdsports.com/a033e5b3-0de7-48a3-98d9-d9a4b9df1f39.png,11,Guard,PARIS BASKETBALL,2026-08-12T08:09:57.068
013373,"CAVALIERE, LEOPOLD",PRS,Paris Basketball,https://media-cdn.incrowdsports.com/a033e5b3-0de7-48a3-98d9-d9a4b9df1f39.png,4,Forward,PARIS BASKETBALL,2026-09-07T12:00:28.147
014010,"DOKOSSI, ALLAN",PRS,Paris Basketball,https://media-cdn.incrowdsports.com/a033e5b3-0de7-48a3-98d9-d9a4b9df1f39.png,13,Center,PARIS BASKETBALL,2026-08-12T08:09:57.282
015143,"ETIENNE, TYSON",PRS,Paris Basketball,https://media-cdn.incrowdsports.com/a033e5b3-0de7-48a3-98d9-d9a4b9df1f39.png,9,Guard,LONG ISLAND NETS,2026-09-17T08:35:44.481
012403,"FAYE, MOUHAMED",PRS,Paris Basketball,https://media-cdn.incrowdsports.com/a033e5b3-0de7-48a3-98d9-d9a4b9df1f39.png,15,Center,PARIS BASKETBALL,2026-08-12T08:09:57.485
012611,"HERRERA, SEBASTIAN",PRS,Paris Basketball,https://media-cdn.incrowdsports.com/a033e5b3-0de7-48a3-98d9-d9a4b9df1f39.png,7,Guard,PARIS BASKETBALL,2026-08-12T08:09:56.646
012640,"HIFI, NADIR",PRS,Paris Basketball,https://media-cdn.incrowdsports.com/a033e5b3-0de7-48a3-98d9-d9a4b9df1f39.png,2,Guard,PARIS BASKETBALL,2026-08-12T08:09:56.206
011949,"HOMMES, DAULTON",PRS,Paris Basketball,https://media-cdn.incrowdsports.com/a033e5b3-0de7-48a3-98d9-d9a4b9df1f39.png,34,Forward,PARIS BASKETBALL,2026-09-07T12:00:29.281
015160,"JOHNSON, ALIZE",PRS,Paris Basketball,https://media-cdn.incrowdsports.com/a033e5b3-0de7-48a3-98d9-d9a4b9df1f39.png,24,Forward,SHENZHEN AVIATORS,2026-09-17T15:58:18.519
010431,"MORGAN, JEREMY",PRS,Paris Basketball,https://media-cdn.incrowdsports.com/a033e5b3-0de7-48a3-98d9-d9a4b9df1f39.png,20,Forward,PARIS BASKETBALL,2026-08-12T08:09:57.696
006591,"NTILIKINA, FRANK",PRS,Paris Basketball,https://media-cdn.incrowdsports.com/a033e5b3-0de7-48a3-98d9-d9a4b9df1f39.png,5,Guard,OLYMPIAKOS,2026-09-21T08:13:16.484
014801,"PEREIRA, MAOZINHA",PRS,Paris Basketball,https://media-cdn.incrowdsports.com/a033e5b3-0de7-48a3-98d9-d9a4b9df1f39.png,45,Forward,MANISA BBSK,2026-09-07T12:00:29.629
014178,"RHODEN, JARED",PRS,Paris Basketball,https://media-cdn.incrowdsports.com/a033e5b3-0de7-48a3-98d9-d9a4b9df1f39.png,8,Guard,PARIS BASKETBALL,2026-08-12T08:09:56.859
012515,"TARPEY, TERRY",PRS,Paris Basketball,https://media-cdn.incrowdsports.com/a033e5b3-0de7-48a3-98d9-d9a4b9df1f39.png,3,Guard,AS MONACO,2026-09-07T12:00:27.903
015168,"WARREN, TJ",PRS,Paris Basketball,https://media-cdn.incrowdsports.com/a033e5b3-0de7-48a3-98d9-d9a4b9df1f39.png,1,Forward,WESTCHESTER KNICKS,2026-09-21T08:13:16.089
014728,"BALDWIN, PATRICK",RED,Crvena Zvezda Meridianbet Belgrade,https://media-cdn.incrowdsports.com/d2eef4a8-62df-4fdd-9076-276004268515.png,24,Forward,STOCKTON KINGS NBA GLEAGUE,2026-09-03T12:23:07.088
012806,"BJELIC, ANDREJ",RED,Crvena Zvezda Meridianbet Belgrade,https://media-cdn.incrowdsports.com/d2eef4a8-62df-4fdd-9076-276004268515.png,30,Guard,REAL MADRID,2026-09-07T10:58:33.216
014163,"BUTLER, JARED",RED,Crvena Zvezda Meridianbet Belgrade,https://media-cdn.incrowdsports.com/d2eef4a8-62df-4fdd-9076-276004268515.png,6,Guard,CRVENA ZVEZDA,2026-08-12T07:37:54.036
011305,"CARTER, TYSON",RED,Crvena Zvezda Meridianbet Belgrade,https://media-cdn.incrowdsports.com/d2eef4a8-62df-4fdd-9076-276004268515.png,11,Guard,CRVENA ZVEZDA,2026-08-12T07:37:54.265
007960,"DAVIDOVAC, DEJAN",RED,Crvena Zvezda Meridianbet Belgrade,https://media-cdn.incrowdsports.com/d2eef4a8-62df-4fdd-9076-276004268515.png,7,Forward,CRVENA ZVEZDA,2026-09-03T12:23:05.748
010262,"DJURISIC, NIKOLA",RED,Crvena Zvezda Meridianbet Belgrade,https://media-cdn.incrowdsports.com/d2eef4a8-62df-4fdd-9076-276004268515.png,23,Guard,CRVENA ZVEZDA,2026-09-03T12:23:06.823
004007,"DOBRIC, OGNJEN",RED,Crvena Zvezda Meridianbet Belgrade,https://media-cdn.incrowdsports.com/d2eef4a8-62df-4fdd-9076-276004268515.png,13,Forward,CRVENA ZVEZDA,2026-08-12T07:37:54.777
014029,"IZUNDU, EBUKA",RED,Crvena Zvezda Meridianbet Belgrade,https://media-cdn.incrowdsports.com/d2eef4a8-62df-4fdd-9076-276004268515.png,15,Center,CRVENA ZVEZDA,2026-08-12T07:37:55.219
010568,"JONES, CHRIS",RED,Crvena Zvezda Meridianbet Belgrade,https://media-cdn.incrowdsports.com/d2eef4a8-62df-4fdd-9076-276004268515.png,1,Guard,HAPOEL TEL AVIV,2026-09-07T10:58:32.956
006482,"KRAMER, DAVID",RED,Crvena Zvezda Meridianbet Belgrade,https://media-cdn.incrowdsports.com/d2eef4a8-62df-4fdd-9076-276004268515.png,44,Guard,REAL MADRID,2026-09-03T12:23:07.875
014094,"MILJENOVIC, STEFAN",RED,Crvena Zvezda Meridianbet Belgrade,https://media-cdn.incrowdsports.com/d2eef4a8-62df-4fdd-9076-276004268515.png,2,Guard,CRVENA ZVEZDA,2026-08-12T07:37:53.828
012201,"MONEKE, CHIMA",RED,Crvena Zvezda Meridianbet Belgrade,https://media-cdn.incrowdsports.com/d2eef4a8-62df-4fdd-9076-276004268515.png,95,Forward,CRVENA ZVEZDA,2026-08-12T07:37:56.17
011157,"MOTLEY, JOHNATHAN",RED,Crvena Zvezda Meridianbet Belgrade,https://media-cdn.incrowdsports.com/d2eef4a8-62df-4fdd-9076-276004268515.png,0,Center,HAPOEL TEL AVIV,2026-09-07T10:58:32.691
013363,"NWORA, JORDAN",RED,Crvena Zvezda Meridianbet Belgrade,https://media-cdn.incrowdsports.com/d2eef4a8-62df-4fdd-9076-276004268515.png,33,Forward,CRVENA ZVEZDA,2026-08-12T07:37:55.43
011982,"OJELEYE, SEMI",RED,Crvena Zvezda Meridianbet Belgrade,https://media-cdn.incrowdsports.com/d2eef4a8-62df-4fdd-9076-276004268515.png,37,Forward,CRVENA ZVEZDA,2026-08-12T07:37:55.676
010391,"WEILER-BABB, NICK",RED,Crvena Zvezda Meridianbet Belgrade,https://media-cdn.incrowdsports.com/d2eef4a8-62df-4fdd-9076-276004268515.png,3,Guard,ANADOLU EFES SK,2026-09-03T12:23:05.214
014015,"BACOT JR., ARMANDO",TEL,Maccabi Rapyd Tel Aviv,https://media-cdn.cortextech.io/1b533342-78f5-4932-b714-a7d80b5826b5.png,5,Center,FENERBAHCE,2026-09-09T14:34:56.301
014127,"BRISSETT, O'SHAE J",TEL,Maccabi Rapyd Tel Aviv,https://media-cdn.cortextech.io/1b533342-78f5-4932-b714-a7d80b5826b5.png,10,Forward,MACCABI TEL AVIV,2026-08-12T08:00:45.031
013699,"CLARK III, JIMMY",TEL,Maccabi Rapyd Tel Aviv,https://media-cdn.cortextech.io/1b533342-78f5-4932-b714-a7d80b5826b5.png,2,Guard,MACCABI TEL AVIV,2026-08-12T08:00:43.363
009783,"COLSON, BONZIE",TEL,Maccabi Rapyd Tel Aviv,https://media-cdn.cortextech.io/1b533342-78f5-4932-b714-a7d80b5826b5.png,50,Forward,FENERBAHCE,2026-09-10T12:33:58.975
007990,"DIBARTOLOMEO, JOHN",TEL,Maccabi Rapyd Tel Aviv,https://media-cdn.cortextech.io/1b533342-78f5-4932-b714-a7d80b5826b5.png,12,Guard,MACCABI TEL AVIV,2026-09-10T12:33:58.429
006020,"EBO, AMIT",TEL,Maccabi Rapyd Tel Aviv,https://media-cdn.cortextech.io/1b533342-78f5-4932-b714-a7d80b5826b5.png,3,Guard,MACCABI TEL AVIV,2026-08-12T08:00:44.071
006835,"HOARD, JAYLEN",TEL,Maccabi Rapyd Tel Aviv,https://media-cdn.cortextech.io/1b533342-78f5-4932-b714-a7d80b5826b5.png,1,Forward,MACCABI TEL AVIV,2026-08-12T08:00:43.131
014120,"LAVI, GUR",TEL,Maccabi Rapyd Tel Aviv,https://media-cdn.cortextech.io/1b533342-78f5-4932-b714-a7d80b5826b5.png,4,Forward,MACCABI TEL AVIV,2026-08-12T08:00:43.849
014012,"LEAF, TJ",TEL,Maccabi Rapyd Tel Aviv,https://media-cdn.cortextech.io/1b533342-78f5-4932-b714-a7d80b5826b5.png,22,Forward,MACCABI TEL AVIV,2026-08-12T08:00:45.751
010781,"LUNDBERG, IFFE",TEL,Maccabi Rapyd Tel Aviv,https://media-cdn.cortextech.io/1b533342-78f5-4932-b714-a7d80b5826b5.png,0,Guard,MACCABI TEL AVIV,2026-09-10T12:33:58.134
011052,"MADAR, YAM",TEL,Maccabi Rapyd Tel Aviv,https://media-cdn.cortextech.io/1b533342-78f5-4932-b714-a7d80b5826b5.png,26,Guard,HAPOEL TEL AVIV,2026-09-17T14:48:08.24
013381,"RAYMAN, WILLIAM",TEL,Maccabi Rapyd Tel Aviv,https://media-cdn.cortextech.io/1b533342-78f5-4932-b714-a7d80b5826b5.png,11,Forward,MACCABI TEL AVIV,2026-09-09T14:34:56.585
011219,"SORKIN, ROMAN",TEL,Maccabi Rapyd Tel Aviv,https://media-cdn.cortextech.io/1b533342-78f5-4932-b714-a7d80b5826b5.png,9,Forward,MACCABI TEL AVIV,2026-08-12T08:00:44.783
004132,"THEIS, DANIEL",TEL,Maccabi Rapyd Tel Aviv,https://media-cdn.cortextech.io/1b533342-78f5-4932-b714-a7d80b5826b5.png,23,Center,MONACO,2026-09-17T05:47:10.241
015085,"WALLACE, KEATON",TEL,Maccabi Rapyd Tel Aviv,https://media-cdn.cortextech.io/1b533342-78f5-4932-b714-a7d80b5826b5.png,17,Guard,ATLANTA HAWKS,2026-09-10T12:33:58.718
009863,"BALDWIN IV, WADE",ULK,Fenerbahce Tarfin Istanbul,https://media-cdn.cortextech.io/1dU3kpCqReRp93/1BSdBWIjCiezrk/aa39750a-6203-49ee-a87d-edd0c6f0397d.png,2,Guard,FENERBAHCE ISTANBUL,2026-08-12T07:49:41.776
013506,"BINGHAM, MARCUS",ULK,Fenerbahce Tarfin Istanbul,https://media-cdn.cortextech.io/1dU3kpCqReRp93/1BSdBWIjCiezrk/aa39750a-6203-49ee-a87d-edd0c6f0397d.png,1,Center,UNICS KAZAN,2026-09-04T09:12:09.553
007929,"BITIM, ONURALP",ULK,Fenerbahce Tarfin Istanbul,https://media-cdn.cortextech.io/1dU3kpCqReRp93/1BSdBWIjCiezrk/aa39750a-6203-49ee-a87d-edd0c6f0397d.png,17,Forward,FENERBAHCE ISTANBUL,2026-08-12T07:49:42.716
004888,"CLYBURN, WILL",ULK,Fenerbahce Tarfin Istanbul,https://media-cdn.cortextech.io/1dU3kpCqReRp93/1BSdBWIjCiezrk/aa39750a-6203-49ee-a87d-edd0c6f0397d.png,21,Forward,FC BARCELONA,2026-09-04T09:12:11.116
013367,"FORREST, TRENT",ULK,Fenerbahce Tarfin Istanbul,https://media-cdn.cortextech.io/1dU3kpCqReRp93/1BSdBWIjCiezrk/aa39750a-6203-49ee-a87d-edd0c6f0397d.png,11,Guard,KOSNER BASKONIA VITORIA-GASTEIZ,2026-09-04T09:12:10.642
014124,"HORTON TUCKER, TALEN",ULK,Fenerbahce Tarfin Istanbul,https://media-cdn.cortextech.io/1dU3kpCqReRp93/1BSdBWIjCiezrk/aa39750a-6203-49ee-a87d-edd0c6f0397d.png,8,Guard,FENERBAHCE ISTANBUL,2026-08-12T07:49:42.26
014733,"JUZANG, JOHNNY",ULK,Fenerbahce Tarfin Istanbul,https://media-cdn.cortextech.io/1dU3kpCqReRp93/1BSdBWIjCiezrk/aa39750a-6203-49ee-a87d-edd0c6f0397d.png,9,Forward,ZENIT BC,2026-09-04T09:12:10.39
014168,"KEY, BRAXTON",ULK,Fenerbahce Tarfin Istanbul,https://media-cdn.cortextech.io/1dU3kpCqReRp93/1BSdBWIjCiezrk/aa39750a-6203-49ee-a87d-edd0c6f0397d.png,12,Forward,VALENCIA BASKET,2026-09-04T09:12:10.871
007200,"LARKIN, SHANE",ULK,Fenerbahce Tarfin Istanbul,https://media-cdn.cortextech.io/1dU3kpCqReRp93/1BSdBWIjCiezrk/aa39750a-6203-49ee-a87d-edd0c6f0397d.png,0,Guard,ANADOLU EFES ISTANBUL,2026-09-12T10:14:21.875
002969,"MAHMUTOGLU, MELIH",ULK,Fenerbahce Tarfin Istanbul,https://media-cdn.cortextech.io/1dU3kpCqReRp93/1BSdBWIjCiezrk/aa39750a-6203-49ee-a87d-edd0c6f0397d.png,10,Guard,FENERBAHCE ISTANBUL,2026-09-11T09:14:03.934
002849,"MELLI, NICOLO",ULK,Fenerbahce Tarfin Istanbul,https://media-cdn.cortextech.io/1dU3kpCqReRp93/1BSdBWIjCiezrk/aa39750a-6203-49ee-a87d-edd0c6f0397d.png,4,Forward,FENERBAHCE ISTANBUL,2026-09-11T07:24:40.577
002968,"SANLI, SERTAC",ULK,Fenerbahce Tarfin Istanbul,https://media-cdn.cortextech.io/1dU3kpCqReRp93/1BSdBWIjCiezrk/aa39750a-6203-49ee-a87d-edd0c6f0397d.png,5,Center,BESIKTAS GAIN ISTANBUL,2026-09-11T09:14:03.721
006896,"SARGIUNAS, IGNAS",ULK,Fenerbahce Tarfin Istanbul,https://media-cdn.cortextech.io/1dU3kpCqReRp93/1BSdBWIjCiezrk/aa39750a-6203-49ee-a87d-edd0c6f0397d.png,43,Guard,BC RYTAS,2026-09-04T09:12:11.963
007831,"SHIELDS, SHAVON",ULK,Fenerbahce Tarfin Istanbul,https://media-cdn.cortextech.io/1dU3kpCqReRp93/1BSdBWIjCiezrk/aa39750a-6203-49ee-a87d-edd0c6f0397d.png,31,Forward,EA7 EMPORIO ARMANI MILAN,2026-09-04T09:12:11.719
014220,"SILVA, CHRIS",ULK,Fenerbahce Tarfin Istanbul,https://media-cdn.cortextech.io/1dU3kpCqReRp93/1BSdBWIjCiezrk/aa39750a-6203-49ee-a87d-edd0c6f0397d.png,30,Center,FENERBAHCE ISTANBUL,2026-08-12T07:49:43.15
014005,"ALSTON JR. , DERRICK",VIR,Virtus Bologna,https://media-cdn.cortextech.io/1dU3kpCqReRp93/1BSdBWIjCiezvk/a92d4c3b-9f9c-4163-8a10-bcf8fc15893e.png,21,Forward,VIRTUS BOLOGNA,2026-08-12T08:22:14.554
013028,"BAIOCCHI, MATTEO",VIR,Virtus Bologna,https://media-cdn.cortextech.io/1dU3kpCqReRp93/1BSdBWIjCiezvk/a92d4c3b-9f9c-4163-8a10-bcf8fc15893e.png,13,Guard,VIRTUS BOLOGNA,2026-09-23T09:29:30.874
006707,"BALDASSO, TOMMASO",VIR,Virtus Bologna,https://media-cdn.cortextech.io/1dU3kpCqReRp93/1BSdBWIjCiezvk/a92d4c3b-9f9c-4163-8a10-bcf8fc15893e.png,11,Guard,BERTRAM DERTHONA,2026-09-15T08:13:13.512
014802,"BELLO, RASHEED",VIR,Virtus Bologna,https://media-cdn.cortextech.io/1dU3kpCqReRp93/1BSdBWIjCiezvk/a92d4c3b-9f9c-4163-8a10-bcf8fc15893e.png,0,Guard,ANTWERP GIANTS,2026-09-07T12:09:52.96
012707,"CARR, MARCUS",VIR,Virtus Bologna,https://media-cdn.cortextech.io/1dU3kpCqReRp93/1BSdBWIjCiezvk/a92d4c3b-9f9c-4163-8a10-bcf8fc15893e.png,2,Guard,WURZBURG BASKET,2026-09-04T12:06:08.692
009400,"CASARIN, DAVIDE",VIR,Virtus Bologna,https://media-cdn.cortextech.io/1dU3kpCqReRp93/1BSdBWIjCiezvk/a92d4c3b-9f9c-4163-8a10-bcf8fc15893e.png,7,Guard,REYER VENEZIA,2026-09-18T07:10:11.215
014108,"DIARRA, ALIOU",VIR,Virtus Bologna,https://media-cdn.cortextech.io/1dU3kpCqReRp93/1BSdBWIjCiezvk/a92d4c3b-9f9c-4163-8a10-bcf8fc15893e.png,31,Center,VIRTUS BOLOGNA,2026-08-12T08:22:15.277
013374,"DIOUF, MOUHAMET",VIR,Virtus Bologna,https://media-cdn.cortextech.io/1dU3kpCqReRp93/1BSdBWIjCiezvk/a92d4c3b-9f9c-4163-8a10-bcf8fc15893e.png,35,Center,VIRTUS BOLOGNA,2026-09-07T12:09:53.407
014416,"EDWARDS, KESSLER",VIR,Virtus Bologna,https://media-cdn.cortextech.io/1dU3kpCqReRp93/1BSdBWIjCiezvk/a92d4c3b-9f9c-4163-8a10-bcf8fc15893e.png,9,Forward,HAPOEL TEL AVIV,2026-09-04T12:06:09.638
014219,"FERRARI, FRANCESCO",VIR,Virtus Bologna,https://media-cdn.cortextech.io/1dU3kpCqReRp93/1BSdBWIjCiezvk/a92d4c3b-9f9c-4163-8a10-bcf8fc15893e.png,24,Forward,VIRTUS BOLOGNA,2026-08-12T08:22:15.04
015029,"FRAZIER, TRENT",VIR,Virtus Bologna,https://media-cdn.cortextech.io/1dU3kpCqReRp93/1BSdBWIjCiezvk/a92d4c3b-9f9c-4163-8a10-bcf8fc15893e.png,1,Guard,ZENIT ST. PETERSBURG,2026-09-09T15:42:10.418
001844,"HACKETT, DANIEL",VIR,Virtus Bologna,https://media-cdn.cortextech.io/1dU3kpCqReRp93/1BSdBWIjCiezvk/a92d4c3b-9f9c-4163-8a10-bcf8fc15893e.png,23,Guard,VIRTUS BOLOGNA,2026-09-07T12:09:53.188
014738,"KLINTMAN, BO",VIR,Virtus Bologna,https://media-cdn.cortextech.io/1dU3kpCqReRp93/1BSdBWIjCiezvk/a92d4c3b-9f9c-4163-8a10-bcf8fc15893e.png,34,Forward,DETROIT PISTONS,2026-09-04T12:06:10.97
011837,"KOKILA, KEVIN",VIR,Virtus Bologna,https://media-cdn.cortextech.io/1dU3kpCqReRp93/1BSdBWIjCiezvk/a92d4c3b-9f9c-4163-8a10-bcf8fc15893e.png,3,Center,JL BOURG,2026-09-04T12:06:08.985
014737,"MOORE, WENDELL",VIR,Virtus Bologna,https://media-cdn.cortextech.io/1dU3kpCqReRp93/1BSdBWIjCiezvk/a92d4c3b-9f9c-4163-8a10-bcf8fc15893e.png,8,Guard,MOTOR CITY CRUISE,2026-09-04T12:06:09.287
013845,"AKOBUNDU-EHIOGU, KAODIRICHI",ZAL,Zalgiris Kaunas,https://media-cdn.incrowdsports.com/0aa09358-3847-4c4e-b228-3582ee4e536d.png,2,Center,DALLAS MAVERICKS,2026-09-04T11:42:50.808
008186,"BLAZEVIC, MAREK",ZAL,Zalgiris Kaunas,https://media-cdn.incrowdsports.com/0aa09358-3847-4c4e-b228-3582ee4e536d.png,22,Center,TOFAS BURSA,2026-09-17T10:14:12.487
012720,"BROWN, STERLING",ZAL,Zalgiris Kaunas,https://media-cdn.incrowdsports.com/0aa09358-3847-4c4e-b228-3582ee4e536d.png,0,Guard,PARTIZAN BELGRADE,2026-09-04T11:42:50.174
002676,"BUTKEVICIUS, ARNAS",ZAL,Zalgiris Kaunas,https://media-cdn.incrowdsports.com/0aa09358-3847-4c4e-b228-3582ee4e536d.png,51,Forward,ZALGIRIS KAUNAS,2026-08-12T08:26:01.812
011987,"EDWARDS, CARSEN",ZAL,Zalgiris Kaunas,https://media-cdn.incrowdsports.com/0aa09358-3847-4c4e-b228-3582ee4e536d.png,3,Guard,VIRTUS BOLOGNA,2026-09-04T11:42:51.052
007513,"GIEDRAITIS, DOVYDAS",ZAL,Zalgiris Kaunas,https://media-cdn.incrowdsports.com/0aa09358-3847-4c4e-b228-3582ee4e536d.png,9,Guard,ZALGIRIS KAUNAS,2026-08-12T08:26:00.946
002328,"GRIGONIS, MARIUS",ZAL,Zalgiris Kaunas,https://media-cdn.incrowdsports.com/0aa09358-3847-4c4e-b228-3582ee4e536d.png,40,Guard,PANATHINAIKOS ATHENS,2026-09-04T11:42:52.155
013389,"LEE, SABEN",ZAL,Zalgiris Kaunas,https://media-cdn.incrowdsports.com/0aa09358-3847-4c4e-b228-3582ee4e536d.png,7,Guard,ANADOLU EFES ISTANBUL,2026-09-04T11:42:51.298
007032,"LO, MAODO",ZAL,Zalgiris Kaunas,https://media-cdn.incrowdsports.com/0aa09358-3847-4c4e-b228-3582ee4e536d.png,12,Guard,ZALGIRIS KAUNAS,2026-09-17T10:14:12.281
007029,"SIRVYDIS, DEIVIDAS",ZAL,Zalgiris Kaunas,https://media-cdn.incrowdsports.com/0aa09358-3847-4c4e-b228-3582ee4e536d.png,91,Guard,ZALGIRIS KAUNAS,2026-08-12T08:26:02.038
011927,"SLEVA, DUSTIN",ZAL,Zalgiris Kaunas,https://media-cdn.incrowdsports.com/0aa09358-3847-4c4e-b228-3582ee4e536d.png,14,Forward,ZALGIRIS KAUNAS,2026-08-12T08:26:01.375
008192,"TUBELIS, AZUOLAS",ZAL,Zalgiris Kaunas,https://media-cdn.incrowdsports.com/0aa09358-3847-4c4e-b228-3582ee4e536d.png,10,Forward,ZALGIRIS KAUNAS,2026-08-12T08:26:01.166
002329,"ULANOVAS, EDGARAS",ZAL,Zalgiris Kaunas,https://media-cdn.incrowdsports.com/0aa09358-3847-4c4e-b228-3582ee4e536d.png,92,Forward,ZALGIRIS KAUNAS,2026-08-12T08:26:02.256
000898,"VALANCIUNAS, JONAS",ZAL,Zalgiris Kaunas,https://media-cdn.incrowdsports.com/0aa09358-3847-4c4e-b228-3582ee4e536d.png,17,Center,DENVER NUGGETS,2026-09-17T16:07:50.77
007982,"WILLIAMS-GOSS, NIGEL",ZAL,Zalgiris Kaunas,https://media-cdn.incrowdsports.com/0aa09358-3847-4c4e-b228-3582ee4e536d.png,1,Guard,ZALGIRIS KAUNAS,2026-08-12T08:26:00.514
