GameDay,Round,Date,StartTime,HomeTeam,HomeCode,AwayTeam,AwayCode,Played
1,RS,2026-09-24,20:15,PANATHINAIKOS AKTOR ATHENS,PAN,PARIS BASKETBALL,PRS,false
1,RS,2026-09-25,19:00,BESIKTAS ISTANBUL,BES,VALENCIA BASKET,PAM,false
1,RS,2026-09-24,20:00,CRVENA ZVEZDA MERIDIANBET BELGRADE,RED,ZALGIRIS KAUNAS,ZAL,false
1,RS,2026-09-24,20:30,KOSNER BASKONIA VITORIA-GASTEIZ,BAS,OLYMPIACOS PIRAEUS,OLY,false
1,RS,2026-09-25,19:45,FENERBAHCE TARFIN ISTANBUL,ULK,VIRTUS BOLOGNA,VIR,false
1,RS,2026-09-24,20:45,LDLC ASVEL VILLEURBANNE,ASV,MACCABI RAPYD TEL AVIV,TEL,false
1,RS,2026-09-25,20:45,PARTIZAN MOZZART BET BELGRADE,PAR,ARMANI OLIMPIA MILAN,MIL,false
1,RS,2026-09-24,19:00,HAPOEL IBI TEL AVIV,HTA,FC BAYERN MUNICH,MUN,false
1,RS,2026-09-24,20:30,FC BARCELONA,BAR,ANADOLU EFES ISTANBUL,IST,false
1,RS,2026-09-24,18:00,DUBAI BASKETBALL,DUB,REAL MADRID,MAD,false
2,RS,2026-09-29,19:45,FENERBAHCE TARFIN ISTANBUL,ULK,FC BAYERN MUNICH,MUN,false
2,RS,2026-09-29,20:00,CRVENA ZVEZDA MERIDIANBET BELGRADE,RED,HAPOEL IBI TEL AVIV,HTA,false
2,RS,2026-09-29,19:00,ZALGIRIS KAUNAS,ZAL,OLYMPIACOS PIRAEUS,OLY,false
2,RS,2026-09-30,20:15,PANATHINAIKOS AKTOR ATHENS,PAN,LDLC ASVEL VILLEURBANNE,ASV,false
2,RS,2026-09-29,18:00,DUBAI BASKETBALL,DUB,FC BARCELONA,BAR,false
2,RS,2026-09-29,20:30,ARMANI OLIMPIA MILAN,MIL,VIRTUS BOLOGNA,VIR,false
2,RS,2026-09-29,20:45,PARIS BASKETBALL,PRS,PARTIZAN MOZZART BET BELGRADE,PAR,false
2,RS,2026-09-30,20:05,MACCABI RAPYD TEL AVIV,TEL,BESIKTAS ISTANBUL,BES,false
2,RS,2026-09-29,19:00,ANADOLU EFES ISTANBUL,IST,REAL MADRID,MAD,false
2,RS,2026-09-29,20:30,VALENCIA BASKET,PAM,KOSNER BASKONIA VITORIA-GASTEIZ,BAS,false
3,RS,2026-10-01,20:45,PARIS BASKETBALL,PRS,ZALGIRIS KAUNAS,ZAL,false
3,RS,2026-10-02,19:00,BESIKTAS ISTANBUL,BES,FC BARCELONA,BAR,false
3,RS,2026-10-02,20:00,LDLC ASVEL VILLEURBANNE,ASV,VALENCIA BASKET,PAM,false
3,RS,2026-10-01,20:30,VIRTUS BOLOGNA,VIR,OLYMPIACOS PIRAEUS,OLY,false
3,RS,2026-10-02,20:15,PANATHINAIKOS AKTOR ATHENS,PAN,MACCABI RAPYD TEL AVIV,TEL,false
3,RS,2026-10-01,20:00,CRVENA ZVEZDA MERIDIANBET BELGRADE,RED,ANADOLU EFES ISTANBUL,IST,false
3,RS,2026-10-02,20:30,KOSNER BASKONIA VITORIA-GASTEIZ,BAS,ARMANI OLIMPIA MILAN,MIL,false
3,RS,2026-10-01,19:00,HAPOEL IBI TEL AVIV,HTA,REAL MADRID,MAD,false
3,RS,2026-10-02,20:00,FC BAYERN MUNICH,MUN,PARTIZAN MOZZART BET BELGRADE,PAR,false
3,RS,2026-10-02,19:45,FENERBAHCE TARFIN ISTANBUL,ULK,DUBAI BASKETBALL,DUB,false
4,RS,2026-10-08,20:30,VALENCIA BASKET,PAM,HAPOEL IBI TEL AVIV,HTA,false
4,RS,2026-10-07,20:45,PARIS BASKETBALL,PRS,LDLC ASVEL VILLEURBANNE,ASV,false
4,RS,2026-10-09,20:30,FC BARCELONA,BAR,ZALGIRIS KAUNAS,ZAL,false
4,RS,2026-10-08,20:00,MACCABI RAPYD TEL AVIV,TEL,ARMANI OLIMPIA MILAN,MIL,false
4,RS,2026-10-09,20:30,KOSNER BASKONIA VITORIA-GASTEIZ,BAS,BESIKTAS ISTANBUL,BES,false
4,RS,2026-10-08,20:15,PANATHINAIKOS AKTOR ATHENS,PAN,FENERBAHCE TARFIN ISTANBUL,ULK,false
4,RS,2026-10-08,20:45,REAL MADRID,MAD,PARTIZAN MOZZART BET BELGRADE,PAR,false
4,RS,2026-10-09,20:15,OLYMPIACOS PIRAEUS,OLY,ANADOLU EFES ISTANBUL,IST,false
4,RS,2026-10-08,20:00,FC BAYERN MUNICH,MUN,VIRTUS BOLOGNA,VIR,false
4,RS,2026-10-08,18:00,DUBAI BASKETBALL,DUB,CRVENA ZVEZDA MERIDIANBET BELGRADE,RED,false
5,RS,2026-10-13,20:30,PARTIZAN MOZZART BET BELGRADE,PAR,PANATHINAIKOS AKTOR ATHENS,PAN,false
5,RS,2026-10-13,19:45,FENERBAHCE TARFIN ISTANBUL,ULK,ZALGIRIS KAUNAS,ZAL,false
5,RS,2026-10-14,19:30,ANADOLU EFES ISTANBUL,IST,FC BAYERN MUNICH,MUN,false
5,RS,2026-10-13,21:00,VALENCIA BASKET,PAM,OLYMPIACOS PIRAEUS,OLY,false
5,RS,2026-10-13,20:30,ARMANI OLIMPIA MILAN,MIL,REAL MADRID,MAD,false
5,RS,2026-10-14,19:00,HAPOEL IBI TEL AVIV,HTA,BESIKTAS ISTANBUL,BES,false
5,RS,2026-10-14,20:45,PARIS BASKETBALL,PRS,VIRTUS BOLOGNA,VIR,false
5,RS,2026-10-13,20:00,LDLC ASVEL VILLEURBANNE,ASV,CRVENA ZVEZDA MERIDIANBET BELGRADE,RED,false
5,RS,2026-10-13,20:30,KOSNER BASKONIA VITORIA-GASTEIZ,BAS,DUBAI BASKETBALL,DUB,false
5,RS,2026-10-13,20:30,FC BARCELONA,BAR,MACCABI RAPYD TEL AVIV,TEL,false
6,RS,2026-10-16,19:00,BESIKTAS ISTANBUL,BES,FC BAYERN MUNICH,MUN,false
6,RS,2026-10-16,19:00,ZALGIRIS KAUNAS,ZAL,ANADOLU EFES ISTANBUL,IST,false
6,RS,2026-10-16,20:15,PANATHINAIKOS AKTOR ATHENS,PAN,HAPOEL IBI TEL AVIV,HTA,false
6,RS,2026-10-15,21:00,REAL MADRID,MAD,LDLC ASVEL VILLEURBANNE,ASV,false
6,RS,2026-10-15,20:30,ARMANI OLIMPIA MILAN,MIL,DUBAI BASKETBALL,DUB,false
6,RS,2026-10-16,20:00,CRVENA ZVEZDA MERIDIANBET BELGRADE,RED,PARIS BASKETBALL,PRS,false
6,RS,2026-10-15,20:30,VALENCIA BASKET,PAM,MACCABI RAPYD TEL AVIV,TEL,false
6,RS,2026-10-15,19:45,FENERBAHCE TARFIN ISTANBUL,ULK,PARTIZAN MOZZART BET BELGRADE,PAR,false
6,RS,2026-10-16,20:30,VIRTUS BOLOGNA,VIR,KOSNER BASKONIA VITORIA-GASTEIZ,BAS,false
6,RS,2026-10-16,20:30,FC BARCELONA,BAR,OLYMPIACOS PIRAEUS,OLY,false
7,RS,2026-10-22,20:15,PANATHINAIKOS AKTOR ATHENS,PAN,KOSNER BASKONIA VITORIA-GASTEIZ,BAS,false
7,RS,2026-10-22,20:00,FC BAYERN MUNICH,MUN,DUBAI BASKETBALL,DUB,false
7,RS,2026-10-21,19:00,HAPOEL IBI TEL AVIV,HTA,VIRTUS BOLOGNA,VIR,false
7,RS,2026-10-22,20:45,PARTIZAN MOZZART BET BELGRADE,PAR,CRVENA ZVEZDA MERIDIANBET BELGRADE,RED,false
7,RS,2026-10-23,19:00,ZALGIRIS KAUNAS,ZAL,LDLC ASVEL VILLEURBANNE,ASV,false
7,RS,2026-10-23,20:15,OLYMPIACOS PIRAEUS,OLY,FENERBAHCE TARFIN ISTANBUL,ULK,false
7,RS,2026-10-22,20:30,ARMANI OLIMPIA MILAN,MIL,FC BARCELONA,BAR,false
7,RS,2026-10-22,19:30,ANADOLU EFES ISTANBUL,IST,BESIKTAS ISTANBUL,BES,false
7,RS,2026-10-23,20:45,PARIS BASKETBALL,PRS,VALENCIA BASKET,PAM,false
7,RS,2026-10-22,20:05,MACCABI RAPYD TEL AVIV,TEL,REAL MADRID,MAD,false
8,RS,2026-10-27,20:00,FC BAYERN MUNICH,MUN,FC BARCELONA,BAR,false
8,RS,2026-10-28,19:30,BESIKTAS ISTANBUL,BES,OLYMPIACOS PIRAEUS,OLY,false
8,RS,2026-10-28,20:00,LDLC ASVEL VILLEURBANNE,ASV,PARTIZAN MOZZART BET BELGRADE,PAR,false
8,RS,2026-10-27,20:00,CRVENA ZVEZDA MERIDIANBET BELGRADE,RED,MACCABI RAPYD TEL AVIV,TEL,false
8,RS,2026-10-28,19:00,HAPOEL IBI TEL AVIV,HTA,ANADOLU EFES ISTANBUL,IST,false
8,RS,2026-10-27,20:30,VALENCIA BASKET,PAM,FENERBAHCE TARFIN ISTANBUL,ULK,false
8,RS,2026-10-27,17:00,DUBAI BASKETBALL,DUB,PARIS BASKETBALL,PRS,false
8,RS,2026-10-27,20:15,PANATHINAIKOS AKTOR ATHENS,PAN,ARMANI OLIMPIA MILAN,MIL,false
8,RS,2026-10-28,20:30,VIRTUS BOLOGNA,VIR,ZALGIRIS KAUNAS,ZAL,false
8,RS,2026-10-27,21:00,KOSNER BASKONIA VITORIA-GASTEIZ,BAS,REAL MADRID,MAD,false
9,RS,2026-10-30,18:30,ANADOLU EFES ISTANBUL,IST,PANATHINAIKOS AKTOR ATHENS,PAN,false
9,RS,2026-10-30,20:30,FC BARCELONA,BAR,VALENCIA BASKET,PAM,false
9,RS,2026-10-30,17:00,DUBAI BASKETBALL,DUB,HAPOEL IBI TEL AVIV,HTA,false
9,RS,2026-10-30,20:00,LDLC ASVEL VILLEURBANNE,ASV,KOSNER BASKONIA VITORIA-GASTEIZ,BAS,false
9,RS,2026-10-30,19:00,ZALGIRIS KAUNAS,ZAL,PARTIZAN MOZZART BET BELGRADE,PAR,false
9,RS,2026-10-30,20:15,OLYMPIACOS PIRAEUS,OLY,ARMANI OLIMPIA MILAN,MIL,false
9,RS,2026-10-29,20:05,MACCABI RAPYD TEL AVIV,TEL,PARIS BASKETBALL,PRS,false
9,RS,2026-10-29,20:45,REAL MADRID,MAD,FENERBAHCE TARFIN ISTANBUL,ULK,false
9,RS,2026-10-30,20:30,VIRTUS BOLOGNA,VIR,BESIKTAS ISTANBUL,BES,false
9,RS,2026-10-29,20:00,CRVENA ZVEZDA MERIDIANBET BELGRADE,RED,FC BAYERN MUNICH,MUN,false
10,RS,2026-11-05,20:00,LDLC ASVEL VILLEURBANNE,ASV,FC BAYERN MUNICH,MUN,false
10,RS,2026-11-05,20:30,ARMANI OLIMPIA MILAN,MIL,VALENCIA BASKET,PAM,false
10,RS,2026-11-06,20:45,PARTIZAN MOZZART BET BELGRADE,PAR,MACCABI RAPYD TEL AVIV,TEL,false
10,RS,2026-11-06,20:30,VIRTUS BOLOGNA,VIR,DUBAI BASKETBALL,DUB,false
10,RS,2026-11-06,18:00,BESIKTAS ISTANBUL,BES,ZALGIRIS KAUNAS,ZAL,false
10,RS,2026-11-05,19:00,HAPOEL IBI TEL AVIV,HTA,FC BARCELONA,BAR,false
10,RS,2026-11-04,18:45,FENERBAHCE TARFIN ISTANBUL,ULK,KOSNER BASKONIA VITORIA-GASTEIZ,BAS,false
10,RS,2026-11-06,20:15,OLYMPIACOS PIRAEUS,OLY,CRVENA ZVEZDA MERIDIANBET BELGRADE,RED,false
10,RS,2026-11-05,18:30,ANADOLU EFES ISTANBUL,IST,PARIS BASKETBALL,PRS,false
10,RS,2026-11-04,20:45,REAL MADRID,MAD,PANATHINAIKOS AKTOR ATHENS,PAN,false
11,RS,2026-11-13,18:30,ANADOLU EFES ISTANBUL,IST,VIRTUS BOLOGNA,VIR,false
11,RS,2026-11-12,20:30,VALENCIA BASKET,PAM,FC BAYERN MUNICH,MUN,false
11,RS,2026-11-12,20:15,OLYMPIACOS PIRAEUS,OLY,DUBAI BASKETBALL,DUB,false
11,RS,2026-11-11,20:45,PARTIZAN MOZZART BET BELGRADE,PAR,KOSNER BASKONIA VITORIA-GASTEIZ,BAS,false
11,RS,2026-11-12,20:30,ARMANI OLIMPIA MILAN,MIL,ZALGIRIS KAUNAS,ZAL,false
11,RS,2026-11-12,21:00,REAL MADRID,MAD,CRVENA ZVEZDA MERIDIANBET BELGRADE,RED,false
11,RS,2026-11-11,20:45,PARIS BASKETBALL,PRS,FENERBAHCE TARFIN ISTANBUL,ULK,false
11,RS,2026-11-13,20:30,LDLC ASVEL VILLEURBANNE,ASV,BESIKTAS ISTANBUL,BES,false
11,RS,2026-11-13,20:15,PANATHINAIKOS AKTOR ATHENS,PAN,FC BARCELONA,BAR,false
11,RS,2026-11-12,20:05,MACCABI RAPYD TEL AVIV,TEL,HAPOEL IBI TEL AVIV,HTA,false
12,RS,2026-11-17,17:00,DUBAI BASKETBALL,DUB,ANADOLU EFES ISTANBUL,IST,false
12,RS,2026-11-17,20:30,ARMANI OLIMPIA MILAN,MIL,CRVENA ZVEZDA MERIDIANBET BELGRADE,RED,false
12,RS,2026-11-17,20:30,KOSNER BASKONIA VITORIA-GASTEIZ,BAS,HAPOEL IBI TEL AVIV,HTA,false
12,RS,2026-11-17,19:00,ZALGIRIS KAUNAS,ZAL,FC BAYERN MUNICH,MUN,false
12,RS,2026-11-17,20:30,FC BARCELONA,BAR,PARIS BASKETBALL,PRS,false
12,RS,2026-11-17,21:00,VIRTUS BOLOGNA,VIR,PANATHINAIKOS AKTOR ATHENS,PAN,false
12,RS,2026-11-17,20:45,PARTIZAN MOZZART BET BELGRADE,PAR,VALENCIA BASKET,PAM,false
12,RS,2026-11-18,18:00,BESIKTAS ISTANBUL,BES,REAL MADRID,MAD,false
12,RS,2026-11-17,18:00,MACCABI RAPYD TEL AVIV,TEL,OLYMPIACOS PIRAEUS,OLY,false
12,RS,2026-11-17,19:00,FENERBAHCE TARFIN ISTANBUL,ULK,LDLC ASVEL VILLEURBANNE,ASV,false
13,RS,2026-11-19,20:45,PARIS BASKETBALL,PRS,HAPOEL IBI TEL AVIV,HTA,false
13,RS,2026-11-20,20:30,FC BARCELONA,BAR,CRVENA ZVEZDA MERIDIANBET BELGRADE,RED,false
13,RS,2026-11-20,18:30,ANADOLU EFES ISTANBUL,IST,LDLC ASVEL VILLEURBANNE,ASV,false
13,RS,2026-11-19,19:00,ZALGIRIS KAUNAS,ZAL,PANATHINAIKOS AKTOR ATHENS,PAN,false
13,RS,2026-11-20,20:15,OLYMPIACOS PIRAEUS,OLY,REAL MADRID,MAD,false
13,RS,2026-11-19,18:30,MACCABI RAPYD TEL AVIV,TEL,DUBAI BASKETBALL,DUB,false
13,RS,2026-11-19,21:00,VALENCIA BASKET,PAM,VIRTUS BOLOGNA,VIR,false
13,RS,2026-11-19,20:30,ARMANI OLIMPIA MILAN,MIL,FENERBAHCE TARFIN ISTANBUL,ULK,false
13,RS,2026-11-19,20:00,FC BAYERN MUNICH,MUN,KOSNER BASKONIA VITORIA-GASTEIZ,BAS,false
13,RS,2026-11-20,20:45,PARTIZAN MOZZART BET BELGRADE,PAR,BESIKTAS ISTANBUL,BES,false
14,RS,2026-11-24,18:00,BESIKTAS ISTANBUL,BES,PARIS BASKETBALL,PRS,false
14,RS,2026-11-25,20:45,REAL MADRID,MAD,ZALGIRIS KAUNAS,ZAL,false
14,RS,2026-11-25,20:30,KOSNER BASKONIA VITORIA-GASTEIZ,BAS,ANADOLU EFES ISTANBUL,IST,false
14,RS,2026-11-24,21:00,FC BARCELONA,BAR,FENERBAHCE TARFIN ISTANBUL,ULK,false
14,RS,2026-11-24,19:00,CRVENA ZVEZDA MERIDIANBET BELGRADE,RED,VIRTUS BOLOGNA,VIR,false
14,RS,2026-11-25,17:00,DUBAI BASKETBALL,DUB,PARTIZAN MOZZART BET BELGRADE,PAR,false
14,RS,2026-11-24,20:45,LDLC ASVEL VILLEURBANNE,ASV,ARMANI OLIMPIA MILAN,MIL,false
14,RS,2026-11-24,20:30,VALENCIA BASKET,PAM,PANATHINAIKOS AKTOR ATHENS,PAN,false
14,RS,2026-11-25,20:15,OLYMPIACOS PIRAEUS,OLY,HAPOEL IBI TEL AVIV,HTA,false
14,RS,2026-11-24,20:00,FC BAYERN MUNICH,MUN,MACCABI RAPYD TEL AVIV,TEL,false
15,RS,2026-12-03,18:45,FENERBAHCE TARFIN ISTANBUL,ULK,CRVENA ZVEZDA MERIDIANBET BELGRADE,RED,false
15,RS,2026-12-03,19:00,HAPOEL IBI TEL AVIV,HTA,ARMANI OLIMPIA MILAN,MIL,false
15,RS,2026-12-04,18:00,BESIKTAS ISTANBUL,BES,PANATHINAIKOS AKTOR ATHENS,PAN,false
15,RS,2026-12-04,20:15,OLYMPIACOS PIRAEUS,OLY,LDLC ASVEL VILLEURBANNE,ASV,false
15,RS,2026-12-04,20:30,KOSNER BASKONIA VITORIA-GASTEIZ,BAS,MACCABI RAPYD TEL AVIV,TEL,false
15,RS,2026-12-04,19:00,ZALGIRIS KAUNAS,ZAL,DUBAI BASKETBALL,DUB,false
15,RS,2026-12-03,20:00,FC BAYERN MUNICH,MUN,PARIS BASKETBALL,PRS,false
15,RS,2026-12-04,20:30,VIRTUS BOLOGNA,VIR,PARTIZAN MOZZART BET BELGRADE,PAR,false
15,RS,2026-12-03,18:30,ANADOLU EFES ISTANBUL,IST,VALENCIA BASKET,PAM,false
15,RS,2026-12-03,20:45,REAL MADRID,MAD,FC BARCELONA,BAR,false
16,RS,2026-12-10,20:45,PARIS BASKETBALL,PRS,REAL MADRID,MAD,false
16,RS,2026-12-10,20:30,ARMANI OLIMPIA MILAN,MIL,FC BAYERN MUNICH,MUN,false
16,RS,2026-12-11,17:00,DUBAI BASKETBALL,DUB,BESIKTAS ISTANBUL,BES,false
16,RS,2026-12-11,20:30,VIRTUS BOLOGNA,VIR,MACCABI RAPYD TEL AVIV,TEL,false
16,RS,2026-12-10,19:00,HAPOEL IBI TEL AVIV,HTA,LDLC ASVEL VILLEURBANNE,ASV,false
16,RS,2026-12-10,18:45,FENERBAHCE TARFIN ISTANBUL,ULK,ANADOLU EFES ISTANBUL,IST,false
16,RS,2026-12-11,20:45,PARTIZAN MOZZART BET BELGRADE,PAR,FC BARCELONA,BAR,false
16,RS,2026-12-11,20:15,PANATHINAIKOS AKTOR ATHENS,PAN,OLYMPIACOS PIRAEUS,OLY,false
16,RS,2026-12-10,20:30,VALENCIA BASKET,PAM,CRVENA ZVEZDA MERIDIANBET BELGRADE,RED,false
16,RS,2026-12-10,19:00,ZALGIRIS KAUNAS,ZAL,KOSNER BASKONIA VITORIA-GASTEIZ,BAS,false
17,RS,2026-12-16,20:45,PARTIZAN MOZZART BET BELGRADE,PAR,ANADOLU EFES ISTANBUL,IST,false
17,RS,2026-12-15,20:45,REAL MADRID,MAD,FC BAYERN MUNICH,MUN,false
17,RS,2026-12-15,20:45,PARIS BASKETBALL,PRS,OLYMPIACOS PIRAEUS,OLY,false
17,RS,2026-12-15,20:30,VIRTUS BOLOGNA,VIR,LDLC ASVEL VILLEURBANNE,ASV,false
17,RS,2026-12-16,20:30,KOSNER BASKONIA VITORIA-GASTEIZ,BAS,FC BARCELONA,BAR,false
17,RS,2026-12-15,20:30,VALENCIA BASKET,PAM,DUBAI BASKETBALL,DUB,false
17,RS,2026-12-16,18:00,BESIKTAS ISTANBUL,BES,ARMANI OLIMPIA MILAN,MIL,false
17,RS,2026-12-16,20:15,PANATHINAIKOS AKTOR ATHENS,PAN,CRVENA ZVEZDA MERIDIANBET BELGRADE,RED,false
17,RS,2026-12-15,21:00,MACCABI RAPYD TEL AVIV,TEL,ZALGIRIS KAUNAS,ZAL,false
17,RS,2026-12-15,18:45,FENERBAHCE TARFIN ISTANBUL,ULK,HAPOEL IBI TEL AVIV,HTA,false
18,RS,2026-12-17,20:45,REAL MADRID,MAD,VALENCIA BASKET,PAM,false
18,RS,2026-12-18,20:30,CRVENA ZVEZDA MERIDIANBET BELGRADE,RED,BESIKTAS ISTANBUL,BES,false
18,RS,2026-12-18,19:30,OLYMPIACOS PIRAEUS,OLY,PARTIZAN MOZZART BET BELGRADE,PAR,false
18,RS,2026-12-18,20:30,KOSNER BASKONIA VITORIA-GASTEIZ,BAS,PARIS BASKETBALL,PRS,false
18,RS,2026-12-18,20:45,FC BARCELONA,BAR,VIRTUS BOLOGNA,VIR,false
18,RS,2026-12-17,18:45,FENERBAHCE TARFIN ISTANBUL,ULK,MACCABI RAPYD TEL AVIV,TEL,false
18,RS,2026-12-17,19:00,HAPOEL IBI TEL AVIV,HTA,ZALGIRIS KAUNAS,ZAL,false
18,RS,2026-12-18,20:00,FC BAYERN MUNICH,MUN,PANATHINAIKOS AKTOR ATHENS,PAN,false
18,RS,2026-12-18,18:30,ANADOLU EFES ISTANBUL,IST,ARMANI OLIMPIA MILAN,MIL,false
18,RS,2026-12-17,20:00,LDLC ASVEL VILLEURBANNE,ASV,DUBAI BASKETBALL,DUB,false
19,RS,2026-12-23,20:00,CRVENA ZVEZDA MERIDIANBET BELGRADE,RED,KOSNER BASKONIA VITORIA-GASTEIZ,BAS,false
19,RS,2026-12-23,17:00,DUBAI BASKETBALL,DUB,PANATHINAIKOS AKTOR ATHENS,PAN,false
19,RS,2026-12-23,20:05,MACCABI RAPYD TEL AVIV,TEL,ANADOLU EFES ISTANBUL,IST,false
19,RS,2026-12-22,20:00,LDLC ASVEL VILLEURBANNE,ASV,FC BARCELONA,BAR,false
19,RS,2026-12-23,19:00,ZALGIRIS KAUNAS,ZAL,VALENCIA BASKET,PAM,false
19,RS,2026-12-22,20:30,VIRTUS BOLOGNA,VIR,REAL MADRID,MAD,false
19,RS,2026-12-23,20:30,ARMANI OLIMPIA MILAN,MIL,PARIS BASKETBALL,PRS,false
19,RS,2026-12-22,19:00,HAPOEL IBI TEL AVIV,HTA,PARTIZAN MOZZART BET BELGRADE,PAR,false
19,RS,2026-12-22,18:00,BESIKTAS ISTANBUL,BES,FENERBAHCE TARFIN ISTANBUL,ULK,false
19,RS,2026-12-22,20:00,FC BAYERN MUNICH,MUN,OLYMPIACOS PIRAEUS,OLY,false
20,RS,2026-12-30,20:00,FC BAYERN MUNICH,MUN,BESIKTAS ISTANBUL,BES,false
20,RS,2026-12-29,18:45,FENERBAHCE TARFIN ISTANBUL,ULK,PANATHINAIKOS AKTOR ATHENS,PAN,false
20,RS,2026-12-29,21:00,REAL MADRID,MAD,DUBAI BASKETBALL,DUB,false
20,RS,2026-12-29,20:30,KOSNER BASKONIA VITORIA-GASTEIZ,BAS,VALENCIA BASKET,PAM,false
20,RS,2026-12-30,18:30,ANADOLU EFES ISTANBUL,IST,FC BARCELONA,BAR,false
20,RS,2026-12-30,20:45,PARIS BASKETBALL,PRS,CRVENA ZVEZDA MERIDIANBET BELGRADE,RED,false
20,RS,2026-12-30,20:30,VIRTUS BOLOGNA,VIR,ARMANI OLIMPIA MILAN,MIL,false
20,RS,2026-12-29,19:00,HAPOEL IBI TEL AVIV,HTA,MACCABI RAPYD TEL AVIV,TEL,false
20,RS,2026-12-30,20:00,LDLC ASVEL VILLEURBANNE,ASV,OLYMPIACOS PIRAEUS,OLY,false
20,RS,2026-12-29,20:45,PARTIZAN MOZZART BET BELGRADE,PAR,ZALGIRIS KAUNAS,ZAL,false
21,RS,2027-01-07,20:30,ARMANI OLIMPIA MILAN,MIL,HAPOEL IBI TEL AVIV,HTA,false
21,RS,2027-01-07,20:30,VALENCIA BASKET,PAM,PARTIZAN MOZZART BET BELGRADE,PAR,false
21,RS,2027-01-08,20:00,CRVENA ZVEZDA MERIDIANBET BELGRADE,RED,LDLC ASVEL VILLEURBANNE,ASV,false
21,RS,2027-01-07,20:45,REAL MADRID,MAD,OLYMPIACOS PIRAEUS,OLY,false
21,RS,2027-01-06,20:30,FC BARCELONA,BAR,BESIKTAS ISTANBUL,BES,false
21,RS,2027-01-08,17:00,DUBAI BASKETBALL,DUB,FC BAYERN MUNICH,MUN,false
21,RS,2027-01-08,20:30,KOSNER BASKONIA VITORIA-GASTEIZ,BAS,VIRTUS BOLOGNA,VIR,false
21,RS,2027-01-07,18:30,ANADOLU EFES ISTANBUL,IST,FENERBAHCE TARFIN ISTANBUL,ULK,false
21,RS,2027-01-07,18:00,MACCABI RAPYD TEL AVIV,TEL,PANATHINAIKOS AKTOR ATHENS,PAN,false
21,RS,2027-01-07,19:00,ZALGIRIS KAUNAS,ZAL,PARIS BASKETBALL,PRS,false
22,RS,2027-01-12,17:00,DUBAI BASKETBALL,DUB,FENERBAHCE TARFIN ISTANBUL,ULK,false
22,RS,2027-01-13,20:15,OLYMPIACOS PIRAEUS,OLY,KOSNER BASKONIA VITORIA-GASTEIZ,BAS,false
22,RS,2027-01-12,20:30,VIRTUS BOLOGNA,VIR,ANADOLU EFES ISTANBUL,IST,false
22,RS,2027-01-12,20:15,PANATHINAIKOS AKTOR ATHENS,PAN,VALENCIA BASKET,PAM,false
22,RS,2027-01-12,20:00,LDLC ASVEL VILLEURBANNE,ASV,ZALGIRIS KAUNAS,ZAL,false
22,RS,2027-01-12,20:30,FC BARCELONA,BAR,ARMANI OLIMPIA MILAN,MIL,false
22,RS,2027-01-12,19:00,HAPOEL IBI TEL AVIV,HTA,PARIS BASKETBALL,PRS,false
22,RS,2027-01-12,20:00,CRVENA ZVEZDA MERIDIANBET BELGRADE,RED,REAL MADRID,MAD,false
22,RS,2027-01-13,18:00,BESIKTAS ISTANBUL,BES,PARTIZAN MOZZART BET BELGRADE,PAR,false
22,RS,2027-01-12,20:30,MACCABI RAPYD TEL AVIV,TEL,FC BAYERN MUNICH,MUN,false
23,RS,2027-01-14,20:30,ARMANI OLIMPIA MILAN,MIL,LDLC ASVEL VILLEURBANNE,ASV,false
23,RS,2027-01-14,19:00,ZALGIRIS KAUNAS,ZAL,CRVENA ZVEZDA MERIDIANBET BELGRADE,RED,false
23,RS,2027-01-14,19:00,HAPOEL IBI TEL AVIV,HTA,VALENCIA BASKET,PAM,false
23,RS,2027-01-15,20:45,PARTIZAN MOZZART BET BELGRADE,PAR,FENERBAHCE TARFIN ISTANBUL,ULK,false
23,RS,2027-01-15,17:00,DUBAI BASKETBALL,DUB,MACCABI RAPYD TEL AVIV,TEL,false
23,RS,2027-01-15,20:30,VIRTUS BOLOGNA,VIR,FC BARCELONA,BAR,false
23,RS,2027-01-15,20:15,OLYMPIACOS PIRAEUS,OLY,PARIS BASKETBALL,PRS,false
23,RS,2027-01-14,20:45,REAL MADRID,MAD,ANADOLU EFES ISTANBUL,IST,false
23,RS,2027-01-15,18:00,BESIKTAS ISTANBUL,BES,KOSNER BASKONIA VITORIA-GASTEIZ,BAS,false
23,RS,2027-01-14,20:15,PANATHINAIKOS AKTOR ATHENS,PAN,FC BAYERN MUNICH,MUN,false
24,RS,2027-01-21,18:45,FENERBAHCE TARFIN ISTANBUL,ULK,BESIKTAS ISTANBUL,BES,false
24,RS,2027-01-22,19:00,ZALGIRIS KAUNAS,ZAL,VIRTUS BOLOGNA,VIR,false
24,RS,2027-01-22,18:30,ANADOLU EFES ISTANBUL,IST,DUBAI BASKETBALL,DUB,false
24,RS,2027-01-22,20:30,VALENCIA BASKET,PAM,LDLC ASVEL VILLEURBANNE,ASV,false
24,RS,2027-01-21,20:45,REAL MADRID,MAD,MACCABI RAPYD TEL AVIV,TEL,false
24,RS,2027-01-21,20:00,FC BAYERN MUNICH,MUN,ARMANI OLIMPIA MILAN,MIL,false
24,RS,2027-01-21,20:45,PARTIZAN MOZZART BET BELGRADE,PAR,OLYMPIACOS PIRAEUS,OLY,false
24,RS,2027-01-22,20:00,CRVENA ZVEZDA MERIDIANBET BELGRADE,RED,FC BARCELONA,BAR,false
24,RS,2027-01-21,19:00,HAPOEL IBI TEL AVIV,HTA,PANATHINAIKOS AKTOR ATHENS,PAN,false
24,RS,2027-01-21,20:45,PARIS BASKETBALL,PRS,KOSNER BASKONIA VITORIA-GASTEIZ,BAS,false
25,RS,2027-01-28,20:30,VIRTUS BOLOGNA,VIR,PARIS BASKETBALL,PRS,false
25,RS,2027-01-29,20:30,FC BARCELONA,BAR,DUBAI BASKETBALL,DUB,false
25,RS,2027-01-28,20:00,FC BAYERN MUNICH,MUN,VALENCIA BASKET,PAM,false
25,RS,2027-01-28,20:30,KOSNER BASKONIA VITORIA-GASTEIZ,BAS,ZALGIRIS KAUNAS,ZAL,false
25,RS,2027-01-29,20:00,LDLC ASVEL VILLEURBANNE,ASV,HAPOEL IBI TEL AVIV,HTA,false
25,RS,2027-01-29,20:30,ARMANI OLIMPIA MILAN,MIL,PARTIZAN MOZZART BET BELGRADE,PAR,false
25,RS,2027-01-29,18:45,FENERBAHCE TARFIN ISTANBUL,ULK,REAL MADRID,MAD,false
25,RS,2027-01-29,20:15,PANATHINAIKOS AKTOR ATHENS,PAN,ANADOLU EFES ISTANBUL,IST,false
25,RS,2027-01-28,18:00,BESIKTAS ISTANBUL,BES,CRVENA ZVEZDA MERIDIANBET BELGRADE,RED,false
25,RS,2027-01-28,20:15,OLYMPIACOS PIRAEUS,OLY,MACCABI RAPYD TEL AVIV,TEL,false
26,RS,2027-02-03,20:30,FC BARCELONA,BAR,LDLC ASVEL VILLEURBANNE,ASV,false
26,RS,2027-02-02,20:45,PARTIZAN MOZZART BET BELGRADE,PAR,REAL MADRID,MAD,false
26,RS,2027-02-02,20:30,KOSNER BASKONIA VITORIA-GASTEIZ,BAS,FENERBAHCE TARFIN ISTANBUL,ULK,false
26,RS,2027-02-03,19:00,HAPOEL IBI TEL AVIV,HTA,OLYMPIACOS PIRAEUS,OLY,false
26,RS,2027-02-02,20:15,PANATHINAIKOS AKTOR ATHENS,PAN,DUBAI BASKETBALL,DUB,false
26,RS,2027-02-03,20:00,FC BAYERN MUNICH,MUN,CRVENA ZVEZDA MERIDIANBET BELGRADE,RED,false
26,RS,2027-02-02,18:30,ANADOLU EFES ISTANBUL,IST,ZALGIRIS KAUNAS,ZAL,false
26,RS,2027-02-02,20:05,MACCABI RAPYD TEL AVIV,TEL,VIRTUS BOLOGNA,VIR,false
26,RS,2027-02-03,20:45,VALENCIA BASKET,PAM,ARMANI OLIMPIA MILAN,MIL,false
26,RS,2027-02-02,20:45,PARIS BASKETBALL,PRS,BESIKTAS ISTANBUL,BES,false
27,RS,2027-02-04,17:00,DUBAI BASKETBALL,DUB,VIRTUS BOLOGNA,VIR,false
27,RS,2027-02-05,20:00,LDLC ASVEL VILLEURBANNE,ASV,FENERBAHCE TARFIN ISTANBUL,ULK,false
27,RS,2027-02-04,20:45,REAL MADRID,MAD,PARIS BASKETBALL,PRS,false
27,RS,2027-02-04,18:30,ANADOLU EFES ISTANBUL,IST,MACCABI RAPYD TEL AVIV,TEL,false
27,RS,2027-02-04,19:00,ZALGIRIS KAUNAS,ZAL,BESIKTAS ISTANBUL,BES,false
27,RS,2027-02-05,20:45,PARTIZAN MOZZART BET BELGRADE,PAR,HAPOEL IBI TEL AVIV,HTA,false
27,RS,2027-02-05,20:45,VALENCIA BASKET,PAM,FC BARCELONA,BAR,false
27,RS,2027-02-05,19:30,OLYMPIACOS PIRAEUS,OLY,FC BAYERN MUNICH,MUN,false
27,RS,2027-02-05,20:30,KOSNER BASKONIA VITORIA-GASTEIZ,BAS,CRVENA ZVEZDA MERIDIANBET BELGRADE,RED,false
27,RS,2027-02-05,20:30,ARMANI OLIMPIA MILAN,MIL,PANATHINAIKOS AKTOR ATHENS,PAN,false
28,RS,2027-02-10,20:00,LDLC ASVEL VILLEURBANNE,ASV,ANADOLU EFES ISTANBUL,IST,false
28,RS,2027-02-11,20:30,VIRTUS BOLOGNA,VIR,FC BAYERN MUNICH,MUN,false
28,RS,2027-02-11,18:00,BESIKTAS ISTANBUL,BES,DUBAI BASKETBALL,DUB,false
28,RS,2027-02-12,18:45,FENERBAHCE TARFIN ISTANBUL,ULK,ARMANI OLIMPIA MILAN,MIL,false
28,RS,2027-02-11,20:00,CRVENA ZVEZDA MERIDIANBET BELGRADE,RED,PARTIZAN MOZZART BET BELGRADE,PAR,false
28,RS,2027-02-10,19:00,HAPOEL IBI TEL AVIV,HTA,KOSNER BASKONIA VITORIA-GASTEIZ,BAS,false
28,RS,2027-02-12,20:15,OLYMPIACOS PIRAEUS,OLY,PANATHINAIKOS AKTOR ATHENS,PAN,false
28,RS,2027-02-12,19:00,ZALGIRIS KAUNAS,ZAL,REAL MADRID,MAD,false
28,RS,2027-02-11,20:05,MACCABI RAPYD TEL AVIV,TEL,FC BARCELONA,BAR,false
28,RS,2027-02-11,20:30,VALENCIA BASKET,PAM,PARIS BASKETBALL,PRS,false
29,RS,2027-03-04,20:45,PARIS BASKETBALL,PRS,MACCABI RAPYD TEL AVIV,TEL,false
29,RS,2027-03-05,20:30,FC BARCELONA,BAR,REAL MADRID,MAD,false
29,RS,2027-03-04,20:30,VALENCIA BASKET,PAM,ZALGIRIS KAUNAS,ZAL,false
29,RS,2027-03-05,20:30,ARMANI OLIMPIA MILAN,MIL,ANADOLU EFES ISTANBUL,IST,false
29,RS,2027-03-04,20:30,VIRTUS BOLOGNA,VIR,HAPOEL IBI TEL AVIV,HTA,false
29,RS,2027-03-04,20:15,PANATHINAIKOS AKTOR ATHENS,PAN,BESIKTAS ISTANBUL,BES,false
29,RS,2027-03-05,20:00,CRVENA ZVEZDA MERIDIANBET BELGRADE,RED,FENERBAHCE TARFIN ISTANBUL,ULK,false
29,RS,2027-03-05,20:00,FC BAYERN MUNICH,MUN,LDLC ASVEL VILLEURBANNE,ASV,false
29,RS,2027-03-04,20:45,KOSNER BASKONIA VITORIA-GASTEIZ,BAS,PARTIZAN MOZZART BET BELGRADE,PAR,false
29,RS,2027-03-05,17:00,DUBAI BASKETBALL,DUB,OLYMPIACOS PIRAEUS,OLY,false
30,RS,2027-03-09,20:45,PARTIZAN MOZZART BET BELGRADE,PAR,PARIS BASKETBALL,PRS,false
30,RS,2027-03-09,20:30,VIRTUS BOLOGNA,VIR,FENERBAHCE TARFIN ISTANBUL,ULK,false
30,RS,2027-03-09,20:00,FC BAYERN MUNICH,MUN,ANADOLU EFES ISTANBUL,IST,false
30,RS,2027-03-10,20:30,ARMANI OLIMPIA MILAN,MIL,OLYMPIACOS PIRAEUS,OLY,false
30,RS,2027-03-09,20:45,REAL MADRID,MAD,HAPOEL IBI TEL AVIV,HTA,false
30,RS,2027-03-09,20:05,MACCABI RAPYD TEL AVIV,TEL,CRVENA ZVEZDA MERIDIANBET BELGRADE,RED,false
30,RS,2027-03-10,17:00,DUBAI BASKETBALL,DUB,VALENCIA BASKET,PAM,false
30,RS,2027-03-09,20:30,KOSNER BASKONIA VITORIA-GASTEIZ,BAS,PANATHINAIKOS AKTOR ATHENS,PAN,false
30,RS,2027-03-09,18:00,BESIKTAS ISTANBUL,BES,LDLC ASVEL VILLEURBANNE,ASV,false
30,RS,2027-03-09,19:00,ZALGIRIS KAUNAS,ZAL,FC BARCELONA,BAR,false
31,RS,2027-03-12,20:30,FC BARCELONA,BAR,KOSNER BASKONIA VITORIA-GASTEIZ,BAS,false
31,RS,2027-03-11,18:30,ANADOLU EFES ISTANBUL,IST,PARTIZAN MOZZART BET BELGRADE,PAR,false
31,RS,2027-03-11,20:45,REAL MADRID,MAD,VIRTUS BOLOGNA,VIR,false
31,RS,2027-03-12,20:00,CRVENA ZVEZDA MERIDIANBET BELGRADE,RED,DUBAI BASKETBALL,DUB,false
31,RS,2027-03-11,20:45,PARIS BASKETBALL,PRS,PANATHINAIKOS AKTOR ATHENS,PAN,false
31,RS,2027-03-12,20:15,OLYMPIACOS PIRAEUS,OLY,BESIKTAS ISTANBUL,BES,false
31,RS,2027-03-11,20:05,MACCABI RAPYD TEL AVIV,TEL,LDLC ASVEL VILLEURBANNE,ASV,false
31,RS,2027-03-12,18:45,FENERBAHCE TARFIN ISTANBUL,ULK,VALENCIA BASKET,PAM,false
31,RS,2027-03-11,20:00,FC BAYERN MUNICH,MUN,HAPOEL IBI TEL AVIV,HTA,false
31,RS,2027-03-12,19:00,ZALGIRIS KAUNAS,ZAL,ARMANI OLIMPIA MILAN,MIL,false
32,RS,2027-03-19,20:00,CRVENA ZVEZDA MERIDIANBET BELGRADE,RED,OLYMPIACOS PIRAEUS,OLY,false
32,RS,2027-03-19,18:00,BESIKTAS ISTANBUL,BES,ANADOLU EFES ISTANBUL,IST,false
32,RS,2027-03-18,20:45,REAL MADRID,MAD,KOSNER BASKONIA VITORIA-GASTEIZ,BAS,false
32,RS,2027-03-18,20:15,PANATHINAIKOS AKTOR ATHENS,PAN,ZALGIRIS KAUNAS,ZAL,false
32,RS,2027-03-19,20:00,LDLC ASVEL VILLEURBANNE,ASV,VIRTUS BOLOGNA,VIR,false
32,RS,2027-03-18,20:45,PARTIZAN MOZZART BET BELGRADE,PAR,FC BAYERN MUNICH,MUN,false
32,RS,2027-03-19,20:30,FC BARCELONA,BAR,HAPOEL IBI TEL AVIV,HTA,false
32,RS,2027-03-19,17:00,DUBAI BASKETBALL,DUB,ARMANI OLIMPIA MILAN,MIL,false
32,RS,2027-03-18,20:05,MACCABI RAPYD TEL AVIV,TEL,VALENCIA BASKET,PAM,false
32,RS,2027-03-18,18:45,FENERBAHCE TARFIN ISTANBUL,ULK,PARIS BASKETBALL,PRS,false
33,RS,2027-03-24,20:15,OLYMPIACOS PIRAEUS,OLY,FC BARCELONA,BAR,false
33,RS,2027-03-23,17:00,DUBAI BASKETBALL,DUB,KOSNER BASKONIA VITORIA-GASTEIZ,BAS,false
33,RS,2027-03-24,19:00,ZALGIRIS KAUNAS,ZAL,MACCABI RAPYD TEL AVIV,TEL,false
33,RS,2027-03-23,20:45,PARTIZAN MOZZART BET BELGRADE,PAR,VIRTUS BOLOGNA,VIR,false
33,RS,2027-03-23,20:00,LDLC ASVEL VILLEURBANNE,ASV,PANATHINAIKOS AKTOR ATHENS,PAN,false
33,RS,2027-03-23,20:45,PARIS BASKETBALL,PRS,ARMANI OLIMPIA MILAN,MIL,false
33,RS,2027-03-24,20:30,VALENCIA BASKET,PAM,BESIKTAS ISTANBUL,BES,false
33,RS,2027-03-23,18:30,ANADOLU EFES ISTANBUL,IST,CRVENA ZVEZDA MERIDIANBET BELGRADE,RED,false
33,RS,2027-03-23,19:00,HAPOEL IBI TEL AVIV,HTA,FENERBAHCE TARFIN ISTANBUL,ULK,false
33,RS,2027-03-24,20:00,FC BAYERN MUNICH,MUN,REAL MADRID,MAD,false
34,RS,2027-03-25,20:00,LDLC ASVEL VILLEURBANNE,ASV,PARIS BASKETBALL,PRS,false
34,RS,2027-03-26,20:15,OLYMPIACOS PIRAEUS,OLY,VIRTUS BOLOGNA,VIR,false
34,RS,2027-03-25,20:15,PANATHINAIKOS AKTOR ATHENS,PAN,PARTIZAN MOZZART BET BELGRADE,PAR,false
34,RS,2027-03-26,20:45,REAL MADRID,MAD,BESIKTAS ISTANBUL,BES,false
34,RS,2027-03-26,18:45,FENERBAHCE TARFIN ISTANBUL,ULK,FC BARCELONA,BAR,false
34,RS,2027-03-26,20:00,FC BAYERN MUNICH,MUN,ZALGIRIS KAUNAS,ZAL,false
34,RS,2027-03-25,19:00,HAPOEL IBI TEL AVIV,HTA,DUBAI BASKETBALL,DUB,false
34,RS,2027-03-25,18:30,ANADOLU EFES ISTANBUL,IST,KOSNER BASKONIA VITORIA-GASTEIZ,BAS,false
34,RS,2027-03-26,20:30,ARMANI OLIMPIA MILAN,MIL,MACCABI RAPYD TEL AVIV,TEL,false
34,RS,2027-03-26,20:00,CRVENA ZVEZDA MERIDIANBET BELGRADE,RED,VALENCIA BASKET,PAM,false
35,RS,2027-04-01,20:05,MACCABI RAPYD TEL AVIV,TEL,FENERBAHCE TARFIN ISTANBUL,ULK,false
35,RS,2027-04-01,20:45,PARIS BASKETBALL,PRS,DUBAI BASKETBALL,DUB,false
35,RS,2027-03-31,20:00,ZALGIRIS KAUNAS,ZAL,HAPOEL IBI TEL AVIV,HTA,false
35,RS,2027-04-01,20:30,ARMANI OLIMPIA MILAN,MIL,BESIKTAS ISTANBUL,BES,false
35,RS,2027-04-02,20:30,KOSNER BASKONIA VITORIA-GASTEIZ,BAS,FC BAYERN MUNICH,MUN,false
35,RS,2027-04-02,20:30,FC BARCELONA,BAR,PANATHINAIKOS AKTOR ATHENS,PAN,false
35,RS,2027-04-02,20:45,PARTIZAN MOZZART BET BELGRADE,PAR,LDLC ASVEL VILLEURBANNE,ASV,false
35,RS,2027-03-31,20:30,VIRTUS BOLOGNA,VIR,CRVENA ZVEZDA MERIDIANBET BELGRADE,RED,false
35,RS,2027-04-01,20:30,VALENCIA BASKET,PAM,REAL MADRID,MAD,false
35,RS,2027-03-31,19:30,ANADOLU EFES ISTANBUL,IST,OLYMPIACOS PIRAEUS,OLY,false
36,RS,2027-04-06,19:00,BESIKTAS ISTANBUL,BES,HAPOEL IBI TEL AVIV,HTA,false
36,RS,2027-04-06,19:45,FENERBAHCE TARFIN ISTANBUL,ULK,OLYMPIACOS PIRAEUS,OLY,false
36,RS,2027-04-07,18:00,DUBAI BASKETBALL,DUB,ZALGIRIS KAUNAS,ZAL,false
36,RS,2027-04-06,20:45,FC BARCELONA,BAR,FC BAYERN MUNICH,MUN,false
36,RS,2027-04-06,20:30,KOSNER BASKONIA VITORIA-GASTEIZ,BAS,LDLC ASVEL VILLEURBANNE,ASV,false
36,RS,2027-04-06,20:45,PARIS BASKETBALL,PRS,ANADOLU EFES ISTANBUL,IST,false
36,RS,2027-04-06,20:45,REAL MADRID,MAD,ARMANI OLIMPIA MILAN,MIL,false
36,RS,2027-04-06,20:30,CRVENA ZVEZDA MERIDIANBET BELGRADE,RED,PANATHINAIKOS AKTOR ATHENS,PAN,false
36,RS,2027-04-06,20:30,VIRTUS BOLOGNA,VIR,VALENCIA BASKET,PAM,false
36,RS,2027-04-07,18:00,MACCABI RAPYD TEL AVIV,TEL,PARTIZAN MOZZART BET BELGRADE,PAR,false
37,RS,2027-04-08,19:00,HAPOEL IBI TEL AVIV,HTA,CRVENA ZVEZDA MERIDIANBET BELGRADE,RED,false
37,RS,2027-04-08,20:45,PARIS BASKETBALL,PRS,FC BARCELONA,BAR,false
37,RS,2027-04-08,20:00,LDLC ASVEL VILLEURBANNE,ASV,REAL MADRID,MAD,false
37,RS,2027-04-08,20:30,VALENCIA BASKET,PAM,ANADOLU EFES ISTANBUL,IST,false
37,RS,2027-04-08,20:15,PANATHINAIKOS AKTOR ATHENS,PAN,VIRTUS BOLOGNA,VIR,false
37,RS,2027-04-09,19:00,BESIKTAS ISTANBUL,BES,MACCABI RAPYD TEL AVIV,TEL,false
37,RS,2027-04-08,20:30,ARMANI OLIMPIA MILAN,MIL,KOSNER BASKONIA VITORIA-GASTEIZ,BAS,false
37,RS,2027-04-08,20:00,FC BAYERN MUNICH,MUN,FENERBAHCE TARFIN ISTANBUL,ULK,false
37,RS,2027-04-09,20:45,PARTIZAN MOZZART BET BELGRADE,PAR,DUBAI BASKETBALL,DUB,false
37,RS,2027-04-09,20:15,OLYMPIACOS PIRAEUS,OLY,ZALGIRIS KAUNAS,ZAL,false
38,RS,2027-04-15,20:45,PARIS BASKETBALL,PRS,FC BAYERN MUNICH,MUN,false
38,RS,2027-04-16,19:00,BESIKTAS ISTANBUL,BES,VIRTUS BOLOGNA,VIR,false
38,RS,2027-04-15,20:05,MACCABI RAPYD TEL AVIV,TEL,KOSNER BASKONIA VITORIA-GASTEIZ,BAS,false
38,RS,2027-04-16,18:00,DUBAI BASKETBALL,DUB,LDLC ASVEL VILLEURBANNE,ASV,false
38,RS,2027-04-15,20:00,CRVENA ZVEZDA MERIDIANBET BELGRADE,RED,ARMANI OLIMPIA MILAN,MIL,false
38,RS,2027-04-15,19:30,ANADOLU EFES ISTANBUL,IST,HAPOEL IBI TEL AVIV,HTA,false
38,RS,2027-04-15,19:00,ZALGIRIS KAUNAS,ZAL,FENERBAHCE TARFIN ISTANBUL,ULK,false
38,RS,2027-04-16,20:15,OLYMPIACOS PIRAEUS,OLY,VALENCIA BASKET,PAM,false
38,RS,2027-04-16,20:30,FC BARCELONA,BAR,PARTIZAN MOZZART BET BELGRADE,PAR,false
38,RS,2027-04-15,20:15,PANATHINAIKOS AKTOR ATHENS,PAN,REAL MADRID,MAD,false
